gene_id,fig_id,dict_id,ocr_id,gene_BBox,annotated_gene_name,is_match,fig_id.1,paper_id,fig_link,fig_name,fig_file,height,width,fig_title,fig_caption,review_status,fig_path,reviewer_name
11774,320,31088.0,318,"479,80,29,10",EPC,3,320,,,PMC6681686__medscimonit-25-5572-g005.jpg,,480,640,test,test,1,static/imgs/validation/,Joshua
11775,320,2390.0,318,"84,124,32,11",OPG,1,320,,,PMC6681686__medscimonit-25-5572-g005.jpg,,480,640,test,test,1,static/imgs/validation/,Joshua
11777,320,5452.0,318,"231,212,51,11",CXCR4,1,320,,,PMC6681686__medscimonit-25-5572-g005.jpg,,480,640,test,test,1,static/imgs/validation/,Joshua
11783,320,,318,"356,384,29,10",AKT,0,320,,,PMC6681686__medscimonit-25-5572-g005.jpg,,480,640,test,test,1,static/imgs/validation/,Joshua
11786,320,22009.0,318,"139,424,32,10",PI3K,1,320,,,PMC6681686__medscimonit-25-5572-g005.jpg,,480,640,test,test,1,static/imgs/validation/,Joshua
13423,345,5137.0,343,"277,216,106,18",mTORC1,3,345,,,PMC3655991__pone.0064344.g007.jpg,,852,674,test,test,1,static/imgs/validation/,Stuart
13426,345,7476.0,343,"305,358,58,21",IRE1,1,345,,,PMC3655991__pone.0064344.g007.jpg,,852,674,test,test,1,static/imgs/validation/,Stuart
47402,345,1608.0,343,"523,346,80,43",ATF6,1,345,,,PMC3655991__pone.0064344.g007.jpg,,852,674,test,test,1,static/imgs/validation/,Stuart
47403,345,7070.0,343,"53,347,85,39",PERK,1,345,,,PMC3655991__pone.0064344.g007.jpg,,852,674,test,test,1,static/imgs/validation/,Stuart
47404,345,15310.0,343,"172,687,55,36",JNK,1,345,,,PMC3655991__pone.0064344.g007.jpg,,852,674,test,test,1,static/imgs/validation/,Stuart
47405,345,37712.0,343,"413,688,102,41",XBP1,1,345,,,PMC3655991__pone.0064344.g007.jpg,,852,674,test,test,1,static/imgs/validation/,Stuart
15134,375,24067.0,373,"435,938,94,46",CBF1,1,375,,,PMC3365567__nihms378339f1.jpg,,1050,782,test,test,1,static/imgs/validation/,Stuart
15136,375,,373,"532,984,82,46",HES,0,375,,,PMC3365567__nihms378339f1.jpg,,1050,782,test,test,1,static/imgs/validation/,Stuart
47156,375,2310.0,373,"453,768,51,121",NICD,3,375,,,PMC3365567__nihms378339f1.jpg,,1050,782,test,test,1,static/imgs/validation/,Stuart
47159,375,2310.0,373,"421,428,70,116",NICD,3,375,,,PMC3365567__nihms378339f1.jpg,,1050,782,test,test,1,static/imgs/validation/,Stuart
47406,375,,373,"561,220,73,176",NOTCH,3,375,,,PMC3365567__nihms378339f1.jpg,,1050,782,test,test,1,static/imgs/validation/,Stuart
47407,375,,373,"623,981,73,48",Hey,3,375,,,PMC3365567__nihms378339f1.jpg,,1050,782,test,test,1,static/imgs/validation/,Stuart
47408,375,,373,"365,821,127,52",MAML,3,375,,,PMC3365567__nihms378339f1.jpg,,1050,782,test,test,1,static/imgs/validation/,Stuart
47409,375,24067.0,373,"184,923,121,58",CBF1,1,375,,,PMC3365567__nihms378339f1.jpg,,1050,782,test,test,1,static/imgs/validation/,Stuart
15780,386,,384,"359,11,45,10",TGFBS,3,386,,,PMC5541090__41598_2017_6522_Fig1_HTML.jpg,,571,675,test,test,1,static/imgs/validation/,Yijie
15781,386,19752.0,384,"561,14,39,10",NREP,1,386,,,PMC5541090__41598_2017_6522_Fig1_HTML.jpg,,571,675,test,test,1,static/imgs/validation/,Yijie
15782,386,34195.0,384,"202,96,55,10",TGFBR1,1,386,,,PMC5541090__41598_2017_6522_Fig1_HTML.jpg,,571,675,test,test,1,static/imgs/validation/,Yijie
15783,386,34196.0,384,"270,90,69,19",TGFBR2,1,386,,,PMC5541090__41598_2017_6522_Fig1_HTML.jpg,,571,675,test,test,1,static/imgs/validation/,Yijie
15784,386,31933.0,384,"330,152,49,11",SMAD2,1,386,,,PMC5541090__41598_2017_6522_Fig1_HTML.jpg,,571,675,test,test,1,static/imgs/validation/,Yijie
15785,386,31934.0,384,"331,175,49,11",SMAD3,1,386,,,PMC5541090__41598_2017_6522_Fig1_HTML.jpg,,571,675,test,test,1,static/imgs/validation/,Yijie
47425,386,31935.0,384,"553,200,60,20",SMAD4,1,386,,,PMC5541090__41598_2017_6522_Fig1_HTML.jpg,,571,675,test,test,1,static/imgs/validation/,Yijie
47426,386,10624.0,384,"111,339,49,18",HIPK2,1,386,,,PMC5541090__41598_2017_6522_Fig1_HTML.jpg,,571,675,test,test,1,static/imgs/validation/,Yijie
47427,386,22914.0,384,"418,379,62,18",PRDM16,1,386,,,PMC5541090__41598_2017_6522_Fig1_HTML.jpg,,571,675,test,test,1,static/imgs/validation/,Yijie
15879,390,31933.0,388,"541,212,83,33",SMAD2,1,390,,,PMC4074601__nihms577797f8.jpg,,1050,932,test,test,1,static/imgs/validation/,Stuart
15881,390,31933.0,388,"500,365,81,33",SMAD2,1,390,,,PMC4074601__nihms577797f8.jpg,,1050,932,test,test,1,static/imgs/validation/,Stuart
15883,390,31933.0,388,"499,618,81,37",SMAD2,1,390,,,PMC4074601__nihms577797f8.jpg,,1050,932,test,test,1,static/imgs/validation/,Stuart
15884,390,1114.0,388,"661,592,100,32",APC,1,390,,,PMC4074601__nihms577797f8.jpg,,1050,932,test,test,1,static/imgs/validation/,Stuart
15886,390,31390.0,388,"520,752,49,25",SNON,1,390,,,PMC4074601__nihms577797f8.jpg,,1050,932,test,test,1,static/imgs/validation/,Stuart
15887,390,31390.0,388,"722,751,50,26",SNON,1,390,,,PMC4074601__nihms577797f8.jpg,,1050,932,test,test,1,static/imgs/validation/,Stuart
15892,390,12570.0,388,"614,884,59,28",CD61,1,390,,,PMC4074601__nihms577797f8.jpg,,1050,932,test,test,1,static/imgs/validation/,Stuart
47163,390,2310.0,388,"451,903,45,37",TFs,3,390,,,PMC4074601__nihms577797f8.jpg,,1050,932,test,test,1,static/imgs/validation/,Stuart
47165,390,2310.0,388,"481,868,80,40",RNAP II,3,390,,,PMC4074601__nihms577797f8.jpg,,1050,932,test,test,1,static/imgs/validation/,Stuart
16052,394,,392,"20,327,27,10",PFD,3,394,,,PMC5238375__srep40523-f2.jpg,,763,675,test,test,1,static/imgs/validation/,Ziting
16053,394,184.0,392,"343,326,38,11",ACE2,1,394,,,PMC5238375__srep40523-f2.jpg,,763,675,test,test,1,static/imgs/validation/,Ziting
16054,394,183.0,392,"257,344,30,11",ACE,1,394,,,PMC5238375__srep40523-f2.jpg,,763,675,test,test,1,static/imgs/validation/,Ziting
16056,394,,392,"126,387,44,11",LXR,3,394,,,PMC5238375__srep40523-f2.jpg,,763,675,test,test,1,static/imgs/validation/,Ziting
16057,394,876.0,392,"334,419,59,14",ANG,1,394,,,PMC5238375__srep40523-f2.jpg,,763,675,test,test,1,static/imgs/validation/,Ziting
16058,394,876.0,392,"260,452,25,14",ANG,1,394,,,PMC5238375__srep40523-f2.jpg,,763,675,test,test,1,static/imgs/validation/,Ziting
16060,394,15212.0,392,"343,516,32,11",MAS,1,394,,,PMC5238375__srep40523-f2.jpg,,763,675,test,test,1,static/imgs/validation/,Ziting
16061,394,,392,"260,543,39,11",ATIR,0,394,,,PMC5238375__srep40523-f2.jpg,,763,675,test,test,1,static/imgs/validation/,Ziting
47447,394,,392,"480,369,34,23",LXR,3,394,,,PMC5238375__srep40523-f2.jpg,,763,675,test,test,1,static/imgs/validation/,Ziting
17053,413,,411,"232,166,27,10",PKA,3,413,,,PMC6241696__ott-11-8107Fig4.jpg,,624,744,test,test,1,static/imgs/validation/,Ziting
17054,413,10122.0,411,"222,261,46,13",GSK3B,1,413,,,PMC6241696__ott-11-8107Fig4.jpg,,624,744,test,test,1,static/imgs/validation/,Ziting
17056,413,,411,"218,373,67,12",NF-KB,3,413,,,PMC6241696__ott-11-8107Fig4.jpg,,624,744,test,test,1,static/imgs/validation/,Ziting
17057,413,3314.0,411,"471,376,42,9",CASP3,1,413,,,PMC6241696__ott-11-8107Fig4.jpg,,624,744,test,test,1,static/imgs/validation/,Ziting
17058,413,,411,"239,490,36,14",NFKB,3,413,,,PMC6241696__ott-11-8107Fig4.jpg,,624,744,test,test,1,static/imgs/validation/,Ziting
17894,431,22009.0,429,"273,157,53,16",PI3K,1,431,,,PMC3932947__2040-2392-5-9-7.jpg,,607,600,test,test,1,static/imgs/validation/,Yijie
17899,431,21628.0,429,"92,230,58,15",PDK1,1,431,,,PMC3932947__2040-2392-5-9-7.jpg,,607,600,test,test,1,static/imgs/validation/,Yijie
17900,431,698.0,429,"484,235,51,14",AKT,1,431,,,PMC3932947__2040-2392-5-9-7.jpg,,607,600,test,test,1,static/imgs/validation/,Yijie
17903,431,,429,"465,350,95,18",MTORC1,0,431,,,PMC3932947__2040-2392-5-9-7.jpg,,607,600,test,test,1,static/imgs/validation/,Yijie
17907,431,29836.0,429,"279,429,41,16",S6K,3,431,,,PMC3932947__2040-2392-5-9-7.jpg,,607,600,test,test,1,static/imgs/validation/,Yijie
47428,431,7284.0,429,"282,555,44,22",En2,1,431,,,PMC3932947__2040-2392-5-9-7.jpg,,607,600,test,test,1,static/imgs/validation/,Yijie
47429,431,11714.0,429,"207,6,55,26",IGF1,1,431,,,PMC3932947__2040-2392-5-9-7.jpg,,607,600,test,test,1,static/imgs/validation/,Yijie
47430,431,11715.0,429,"323,7,75,31",IGF1R,1,431,,,PMC3932947__2040-2392-5-9-7.jpg,,607,600,test,test,1,static/imgs/validation/,Yijie
18592,446,7388.0,444,"264,225,85,20",ERK,1,446,,,PMC5482458__pone.0179614.g005.jpg,,774,615,test,test,1,static/imgs/validation/,Ziting
18593,446,,444,"371,385,67,22",ETS,3,446,,,PMC5482458__pone.0179614.g005.jpg,,774,615,test,test,1,static/imgs/validation/,Ziting
20338,484,7388.0,482,"255,537,45,17",ERK,1,484,,,PMC5967041__12885_2018_4500_Fig4_HTML.jpg,,679,787,test,test,1,static/imgs/validation/,Ziting
20340,484,,482,"256,632,49,11",UO126,3,484,,,PMC5967041__12885_2018_4500_Fig4_HTML.jpg,,679,787,test,test,1,static/imgs/validation/,Ziting
21420,502,,500,"290,109,34,13",ROS,0,502,,,PMC3341532__nihms-362544-f0008.jpg,,485,600,test,test,1,static/imgs/validation/,Joshua
21421,502,22628.0,500,"452,105,78,23",PPAR,1,502,,,PMC3341532__nihms-362544-f0008.jpg,,485,600,test,test,1,static/imgs/validation/,Joshua
21422,502,22628.0,500,"9,188,87,26",PPAR,1,502,,,PMC3341532__nihms-362544-f0008.jpg,,485,600,test,test,1,static/imgs/validation/,Joshua
21423,502,,500,"168,193,50,15",NF-KB,3,502,,,PMC3341532__nihms-362544-f0008.jpg,,485,600,test,test,1,static/imgs/validation/,Joshua
21427,502,,500,"166,278,40,17",IL-1B,0,502,,,PMC3341532__nihms-362544-f0008.jpg,,485,600,test,test,1,static/imgs/validation/,Joshua
21704,509,,507,"121,342,134,37",MEK,3,509,,,PMC6675870__fphar-10-00784-g006.jpg,,1013,787,test,test,1,static/imgs/validation/,Ziting
21705,509,,507,"438,395,73,22",MCL,3,509,,,PMC6675870__fphar-10-00784-g006.jpg,,1013,787,test,test,1,static/imgs/validation/,Ziting
21706,509,1983.0,507,"637,400,54,22",BAX,1,509,,,PMC6675870__fphar-10-00784-g006.jpg,,1013,787,test,test,1,static/imgs/validation/,Ziting
21707,509,,507,"445,474,72,23",BCL,3,509,,,PMC6675870__fphar-10-00784-g006.jpg,,1013,787,test,test,1,static/imgs/validation/,Ziting
21708,509,1958.0,507,"636,475,55,22",BAK,1,509,,,PMC6675870__fphar-10-00784-g006.jpg,,1013,787,test,test,1,static/imgs/validation/,Ziting
21709,509,15300.0,507,"146,494,104,35",ERK1,1,509,,,PMC6675870__fphar-10-00784-g006.jpg,,1013,787,test,test,1,static/imgs/validation/,Ziting
22030,515,21004.0,513,"211,115,42,21",ORAI1,1,515,,,PMC6322368__medscimonit-24-9413-g008.jpg,,400,640,test,test,1,static/imgs/validation/,Yijie
22033,515,33343.0,513,"74,212,50,14",STIM1,1,515,,,PMC6322368__medscimonit-24-9413-g008.jpg,,400,640,test,test,1,static/imgs/validation/,Yijie
22035,515,,513,"520,187,53,12",PKCA,3,515,,,PMC6322368__medscimonit-24-9413-g008.jpg,,400,640,test,test,1,static/imgs/validation/,Yijie
22037,515,19314.0,513,"543,297,26,13",IKB,3,515,,,PMC6322368__medscimonit-24-9413-g008.jpg,,400,640,test,test,1,static/imgs/validation/,Yijie
22038,515,,513,"480,317,55,14",NF-KB,3,515,,,PMC6322368__medscimonit-24-9413-g008.jpg,,400,640,test,test,1,static/imgs/validation/,Yijie
47431,515,5701.0,513,"580,139,44,21",DAG,1,515,,,PMC6322368__medscimonit-24-9413-g008.jpg,,400,640,test,test,1,static/imgs/validation/,Yijie
22307,522,708.0,520,"32,127,66,14",Alcama,3,522,,,PMC3036164__nihms259428f8.jpg,,600,498,test,test,1,static/imgs/validation/,Stuart
22308,522,6882.0,520,"276,165,69,18",EDNRB,1,522,,,PMC3036164__nihms259428f8.jpg,,600,498,test,test,1,static/imgs/validation/,Stuart
22309,522,6878.0,520,"405,209,43,14",EDN1,1,522,,,PMC3036164__nihms259428f8.jpg,,600,498,test,test,1,static/imgs/validation/,Stuart
22311,522,,520,"31,330,65,19",NADL1,3,522,,,PMC3036164__nihms259428f8.jpg,,600,498,test,test,1,static/imgs/validation/,Stuart
22312,522,10337.0,520,"232,363,54,14",HAND2,1,522,,,PMC3036164__nihms259428f8.jpg,,600,498,test,test,1,static/imgs/validation/,Stuart
47450,522,6881.0,520,"386,293,94,32",Ednra,1,522,,,PMC3036164__nihms259428f8.jpg,,600,498,test,test,1,static/imgs/validation/,Stuart
24256,556,9871.0,554,"235,124,35,26",RPA,3,556,,,PMC3978517__genes-05-00147-g002.jpg,,626,739,test,test,1,static/imgs/validation/,Yijie
24257,556,10294.0,554,"630,109,60,22",H2AX,1,556,,,PMC3978517__genes-05-00147-g002.jpg,,626,739,test,test,1,static/imgs/validation/,Yijie
24259,556,1825.0,554,"383,129,29,19",ATR,1,556,,,PMC3978517__genes-05-00147-g002.jpg,,626,739,test,test,1,static/imgs/validation/,Yijie
24261,556,,554,"546,127,27,21",FPC,0,556,,,PMC3978517__genes-05-00147-g002.jpg,,626,739,test,test,1,static/imgs/validation/,Yijie
47432,556,,554,"55,108,60,25",H2AX,3,556,,,PMC3978517__genes-05-00147-g002.jpg,,626,739,test,test,1,static/imgs/validation/,Yijie
47433,556,1827.0,554,"303,122,52,23",ATRIP,1,556,,,PMC3978517__genes-05-00147-g002.jpg,,626,739,test,test,1,static/imgs/validation/,Yijie
47434,556,34922.0,554,"454,123,67,21",TopBP1,1,556,,,PMC3978517__genes-05-00147-g002.jpg,,626,739,test,test,1,static/imgs/validation/,Yijie
24295,558,1724.0,556,"327,14,37,15",TPA,3,558,,,PMC5642883__BMRI2017-9592501.008.jpg,,688,668,test,test,1,static/imgs/validation/,Yijie
24300,558,37777.0,556,"341,443,21,14",XS,1,558,,,PMC5642883__BMRI2017-9592501.008.jpg,,688,668,test,test,1,static/imgs/validation/,Yijie
24302,558,37777.0,556,"339,576,21,15",XS,1,558,,,PMC5642883__BMRI2017-9592501.008.jpg,,688,668,test,test,1,static/imgs/validation/,Yijie
47435,558,15257.0,556,"315,184,54,29",MEK1,1,558,,,PMC5642883__BMRI2017-9592501.008.jpg,,688,668,test,test,1,static/imgs/validation/,Yijie
47436,558,15300.0,556,"309,299,55,31",ERK1,1,558,,,PMC5642883__BMRI2017-9592501.008.jpg,,688,668,test,test,1,static/imgs/validation/,Yijie
47437,558,13700.0,556,"560,614,57,27",LCN2,1,558,,,PMC5642883__BMRI2017-9592501.008.jpg,,688,668,test,test,1,static/imgs/validation/,Yijie
25465,581,,579,"244,409,30,11",AKT,0,581,,,PMC5908975__fnmol-11-00130-g0007.jpg,,735,661,test,test,1,static/imgs/validation/,Yijie
25466,581,17772.0,579,"535,468,50,14",MMP2,1,581,,,PMC5908975__fnmol-11-00130-g0007.jpg,,735,661,test,test,1,static/imgs/validation/,Yijie
25467,581,7388.0,579,"52,486,26,14",ERK,1,581,,,PMC5908975__fnmol-11-00130-g0007.jpg,,735,661,test,test,1,static/imgs/validation/,Yijie
25468,581,17776.0,579,"534,492,51,15",MMP9,1,581,,,PMC5908975__fnmol-11-00130-g0007.jpg,,735,661,test,test,1,static/imgs/validation/,Yijie
25469,581,,579,"427,507,38,12",SOX,3,581,,,PMC5908975__fnmol-11-00130-g0007.jpg,,735,661,test,test,1,static/imgs/validation/,Yijie
25470,581,34938.0,579,"205,537,26,14",P53,1,581,,,PMC5908975__fnmol-11-00130-g0007.jpg,,735,661,test,test,1,static/imgs/validation/,Yijie
25471,581,,579,"22,584,42,15",CYCLIN D1,3,581,,,PMC5908975__fnmol-11-00130-g0007.jpg,,735,661,test,test,1,static/imgs/validation/,Yijie
25473,581,59.0,579,"337,585,32,17",P-GP,1,581,,,PMC5908975__fnmol-11-00130-g0007.jpg,,735,661,test,test,1,static/imgs/validation/,Yijie
47438,581,23425.0,579,"274,249,29,21",FAK,1,581,,,PMC5908975__fnmol-11-00130-g0007.jpg,,735,661,test,test,1,static/imgs/validation/,Yijie
47439,581,,579,"306,282,54,19",Paxillin,3,581,,,PMC5908975__fnmol-11-00130-g0007.jpg,,735,661,test,test,1,static/imgs/validation/,Yijie
26466,601,12608.0,599,"253,27,82,19",ITSN,1,601,,,PMC5148706__nihms828371f2.jpg,,444,600,test,test,1,static/imgs/validation/,Ziting
26467,601,37634.0,599,"46,141,37,14",WIP,1,601,,,PMC5148706__nihms828371f2.jpg,,444,600,test,test,1,static/imgs/validation/,Ziting
26468,601,37495.0,599,"255,140,79,14",N-WASP,1,601,,,PMC5148706__nihms828371f2.jpg,,444,600,test,test,1,static/imgs/validation/,Ziting
26469,601,3847.0,599,"496,141,59,17",CDC42,1,601,,,PMC5148706__nihms828371f2.jpg,,444,600,test,test,1,static/imgs/validation/,Ziting
26471,601,1245.0,599,"265,263,61,18",ARP,1,601,,,PMC5148706__nihms828371f2.jpg,,444,600,test,test,1,static/imgs/validation/,Ziting
26807,609,,607,"291,135,27,12",YAP,0,609,,,PMC5788631__oncotarget-09-2175-g012.jpg,,339,712,test,test,1,static/imgs/validation/,Stuart
26809,609,,607,"81,148,27,14",YAP,0,609,,,PMC5788631__oncotarget-09-2175-g012.jpg,,339,712,test,test,1,static/imgs/validation/,Stuart
26812,609,,607,"225,268,27,11",YAP,0,609,,,PMC5788631__oncotarget-09-2175-g012.jpg,,339,712,test,test,1,static/imgs/validation/,Stuart
47410,609,18262.0,607,"143,5,69,31",MST1,1,609,,,PMC5788631__oncotarget-09-2175-g012.jpg,,339,712,test,test,1,static/imgs/validation/,Stuart
47411,609,,607,"145,75,58,35",LAST1,3,609,,,PMC5788631__oncotarget-09-2175-g012.jpg,,339,712,test,test,1,static/imgs/validation/,Stuart
27586,625,22009.0,623,"321,168,21,8",PI3K,1,625,,,PMC3502787__CHRP2012-817304.002.jpg,,336,600,test,test,1,static/imgs/validation/,Stuart
27588,625,22009.0,623,"121,177,21,8",PI3K,1,625,,,PMC3502787__CHRP2012-817304.002.jpg,,336,600,test,test,1,static/imgs/validation/,Stuart
27589,625,,623,"156,172,22,16",P85,0,625,,,PMC3502787__CHRP2012-817304.002.jpg,,336,600,test,test,1,static/imgs/validation/,Stuart
27590,625,,623,"198,192,21,6",TKIS,0,625,,,PMC3502787__CHRP2012-817304.002.jpg,,336,600,test,test,1,static/imgs/validation/,Stuart
27591,625,,623,"265,188,24,11",TKIS,0,625,,,PMC3502787__CHRP2012-817304.002.jpg,,336,600,test,test,1,static/imgs/validation/,Stuart
27595,625,,623,"387,263,23,7",AKT,0,625,,,PMC3502787__CHRP2012-817304.002.jpg,,336,600,test,test,1,static/imgs/validation/,Stuart
47199,625,5584.0,623,"196,112,19,23",TK,3,625,,,PMC3502787__CHRP2012-817304.002.jpg,,336,600,test,test,1,static/imgs/validation/,Stuart
47200,625,5584.0,623,"267,119,23,16",TK,3,625,,,PMC3502787__CHRP2012-817304.002.jpg,,336,600,test,test,1,static/imgs/validation/,Stuart
28906,653,1643.0,651,"554,172,26,9",ATM,1,653,,,PMC2988105__nihms224319f6.jpg,,507,800,test,test,1,static/imgs/validation/,Joshua
28908,653,,651,"580,239,35,17",SER15,0,653,,,PMC2988105__nihms224319f6.jpg,,507,800,test,test,1,static/imgs/validation/,Joshua
47442,653,34938.0,651,"609,258,43,22",p53,1,653,,,PMC2988105__nihms224319f6.jpg,,507,800,test,test,1,static/imgs/validation/,Joshua
47443,653,6782.0,651,"248,164,48,24",PKC,1,653,,,PMC2988105__nihms224319f6.jpg,,507,800,test,test,1,static/imgs/validation/,Joshua
47444,653,3959.0,651,"112,260,36,25",p21,1,653,,,PMC2988105__nihms224319f6.jpg,,507,800,test,test,1,static/imgs/validation/,Joshua
47445,653,30802.0,651,"369,256,36,30",NAG,1,653,,,PMC2988105__nihms224319f6.jpg,,507,800,test,test,1,static/imgs/validation/,Joshua
28965,655,,653,"371,121,13,7",AKT,3,655,,,PMC3068308__PRI2011-620601.004.jpg,,367,465,test,test,1,static/imgs/validation/,Ziting
28967,655,2023.0,653,"183,183,16,9",BcL2,1,655,,,PMC3068308__PRI2011-620601.004.jpg,,367,465,test,test,1,static/imgs/validation/,Ziting
28968,655,,653,"280,185,23,7",NFKB,3,655,,,PMC3068308__PRI2011-620601.004.jpg,,367,465,test,test,1,static/imgs/validation/,Ziting
28969,655,,653,"371,185,13,7",AKT,3,655,,,PMC3068308__PRI2011-620601.004.jpg,,367,465,test,test,1,static/imgs/validation/,Ziting
47275,655,2025.0,653,"178,207,43,15",bcl-x,1,655,,,PMC3068308__PRI2011-620601.004.jpg,,367,465,test,test,1,static/imgs/validation/,Ziting
47448,655,,653,"428,147,23,12",PI3K,3,655,,,PMC3068308__PRI2011-620601.004.jpg,,367,465,test,test,1,static/imgs/validation/,Ziting
29239,661,,659,"218,205,84,20",PY861,0,661,,,PMC2172299__200312013f8.jpg,,502,720,test,test,1,static/imgs/validation/,Stuart
29240,661,5114.0,659,"26,199,48,20",CRK,1,661,,,PMC2172299__200312013f8.jpg,,502,720,test,test,1,static/imgs/validation/,Stuart
29242,661,23726.0,659,"119,304,74,24",RAC1,1,661,,,PMC2172299__200312013f8.jpg,,502,720,test,test,1,static/imgs/validation/,Stuart
30447,681,,679,"318,13,31,15",NAC,0,681,,,PMC4826221__oncotarget-07-4490-g009.jpg,,488,650,test,test,1,static/imgs/validation/,Ziting
30448,681,21066.0,679,"187,22,28,15",GL,1,681,,,PMC4826221__oncotarget-07-4490-g009.jpg,,488,650,test,test,1,static/imgs/validation/,Ziting
30449,681,,679,"142,153,31,8",PH2AX,0,681,,,PMC4826221__oncotarget-07-4490-g009.jpg,,488,650,test,test,1,static/imgs/validation/,Ziting
30450,681,1643.0,679,"345,150,75,13",ATM,1,681,,,PMC4826221__oncotarget-07-4490-g009.jpg,,488,650,test,test,1,static/imgs/validation/,Ziting
30452,681,,679,"358,264,50,14",CHK1,3,681,,,PMC4826221__oncotarget-07-4490-g009.jpg,,488,650,test,test,1,static/imgs/validation/,Ziting
30455,681,3834.0,679,"355,357,56,12",CDC25C,1,681,,,PMC4826221__oncotarget-07-4490-g009.jpg,,488,650,test,test,1,static/imgs/validation/,Ziting
30456,681,,679,"169,385,57,14",CDK,3,681,,,PMC4826221__oncotarget-07-4490-g009.jpg,,488,650,test,test,1,static/imgs/validation/,Ziting
30457,681,,679,"550,386,42,11",CDK,3,681,,,PMC4826221__oncotarget-07-4490-g009.jpg,,488,650,test,test,1,static/imgs/validation/,Ziting
47276,681,5157.0,679,"25,456,95,23",G2,1,681,,,PMC4826221__oncotarget-07-4490-g009.jpg,,488,650,test,test,1,static/imgs/validation/,Ziting
33060,724,12423.0,722,"473,29,42,15",PIP3,3,724,,,PMC3233205__nihms323230f1.jpg,,912,654,test,test,1,static/imgs/validation/,Joshua
33061,724,,722,"370,134,45,14",PLCR,0,724,,,PMC3233205__nihms323230f1.jpg,,912,654,test,test,1,static/imgs/validation/,Joshua
33062,724,1129.0,722,"420,239,43,13",PIP2,3,724,,,PMC3233205__nihms323230f1.jpg,,912,654,test,test,1,static/imgs/validation/,Joshua
33063,724,,722,"321,343,40,14",PKC,0,724,,,PMC3233205__nihms323230f1.jpg,,912,654,test,test,1,static/imgs/validation/,Joshua
33064,724,15324.0,722,"272,448,40,13",PKA,3,724,,,PMC3233205__nihms323230f1.jpg,,912,654,test,test,1,static/imgs/validation/,Joshua
33065,724,595.0,722,"83,549,23,19",RAF,3,724,,,PMC3233205__nihms323230f1.jpg,,912,654,test,test,1,static/imgs/validation/,Joshua
33071,724,15257.0,722,"73,658,66,13",MEK1,1,724,,,PMC3233205__nihms323230f1.jpg,,912,654,test,test,1,static/imgs/validation/,Joshua
33073,724,698.0,722,"290,863,19,20",AKT,1,724,,,PMC3233205__nihms323230f1.jpg,,912,654,test,test,1,static/imgs/validation/,Joshua
47451,724,592.0,722,"381,546,37,27",p38,1,724,,,PMC3233205__nihms323230f1.jpg,,912,654,test,test,1,static/imgs/validation/,Joshua
47452,724,15310.0,722,"527,546,44,24",JNK,1,724,,,PMC3233205__nihms323230f1.jpg,,912,654,test,test,1,static/imgs/validation/,Joshua
47453,724,15300.0,722,"150,755,64,23",ErK1,1,724,,,PMC3233205__nihms323230f1.jpg,,912,654,test,test,1,static/imgs/validation/,Joshua
35743,760,,758,"262,46,47,16",CRKII,3,760,,,PMC3521709__pgen.1003115.g001.jpg,,645,656,test,test,1,static/imgs/validation/,mihail
35745,760,44.0,758,"550,46,57,15",ABC1,1,760,,,PMC3521709__pgen.1003115.g001.jpg,,645,656,test,test,1,static/imgs/validation/,mihail
35748,760,,758,"186,156,65,17",CED-5,0,760,,,PMC3521709__pgen.1003115.g001.jpg,,645,656,test,test,1,static/imgs/validation/,mihail
35749,760,6477.0,758,"168,181,101,17",DOCK180,1,760,,,PMC3521709__pgen.1003115.g001.jpg,,645,656,test,test,1,static/imgs/validation/,mihail
35751,760,,758,"550,157,62,15",CED-1,3,760,,,PMC3521709__pgen.1003115.g001.jpg,,645,656,test,test,1,static/imgs/validation/,mihail
35752,760,15602.0,758,"539,181,86,17",MEGF10,1,760,,,PMC3521709__pgen.1003115.g001.jpg,,645,656,test,test,1,static/imgs/validation/,mihail
35754,760,,758,"247,287,77,16",CED-10,0,760,,,PMC3521709__pgen.1003115.g001.jpg,,645,656,test,test,1,static/imgs/validation/,mihail
35756,760,,758,"550,287,64,16",CED-6,0,760,,,PMC3521709__pgen.1003115.g001.jpg,,645,656,test,test,1,static/imgs/validation/,mihail
35757,760,10236.0,758,"553,312,59,16",GULP,1,760,,,PMC3521709__pgen.1003115.g001.jpg,,645,656,test,test,1,static/imgs/validation/,mihail
35760,760,,758,"549,432,62,15",DYN-1,0,760,,,PMC3521709__pgen.1003115.g001.jpg,,645,656,test,test,1,static/imgs/validation/,mihail
35771,761,,759,"112,165,47,13",NF-KB,3,761,,,PMC3591436__pone.0053370.g006.jpg,,512,652,test,test,1,static/imgs/validation/,Stuart
35772,761,,759,"179,198,45,11",MG132,0,761,,,PMC3591436__pone.0053370.g006.jpg,,512,652,test,test,1,static/imgs/validation/,Stuart
35773,761,,759,"41,210,36,14",IKB-A,0,761,,,PMC3591436__pone.0053370.g006.jpg,,512,652,test,test,1,static/imgs/validation/,Stuart
35774,761,,759,"109,230,49,15",NF-KB,3,761,,,PMC3591436__pone.0053370.g006.jpg,,512,652,test,test,1,static/imgs/validation/,Stuart
35775,761,,759,"325,240,53,11",GM6001,0,761,,,PMC3591436__pone.0053370.g006.jpg,,512,652,test,test,1,static/imgs/validation/,Stuart
35776,761,,759,"221,256,46,11",MMP-9,0,761,,,PMC3591436__pone.0053370.g006.jpg,,512,652,test,test,1,static/imgs/validation/,Stuart
35777,761,,759,"117,300,41,14",NF-KB,3,761,,,PMC3591436__pone.0053370.g006.jpg,,512,652,test,test,1,static/imgs/validation/,Stuart
35778,761,,759,"328,303,45,11",MMP-9,0,761,,,PMC3591436__pone.0053370.g006.jpg,,512,652,test,test,1,static/imgs/validation/,Stuart
36066,766,32037.0,764,"434,113,93,31",SMO,1,766,,,PMC6820189__10.1177_1559325819885293-fig2.jpg,,713,660,test,test,1,static/imgs/validation/,Ziting
36068,766,9564.0,764,"117,423,46,31",GLI,1,766,,,PMC6820189__10.1177_1559325819885293-fig2.jpg,,713,660,test,test,1,static/imgs/validation/,Ziting
36069,766,,764,"434,424,92,33",GLIACT,3,766,,,PMC6820189__10.1177_1559325819885293-fig2.jpg,,713,660,test,test,1,static/imgs/validation/,Ziting
36585,779,15310.0,777,"304,177,53,18",JNK,1,779,,,PMC5037850__ijms-17-01585-g001.jpg,,832,696,test,test,1,static/imgs/validation/,Ziting
36589,779,,777,"303,348,53,17",AP,3,779,,,PMC5037850__ijms-17-01585-g001.jpg,,832,696,test,test,1,static/imgs/validation/,Ziting
36590,779,8291.0,777,"592,347,34,18",FAS,1,779,,,PMC5037850__ijms-17-01585-g001.jpg,,832,696,test,test,1,static/imgs/validation/,Ziting
47449,779,12667.0,777,"376,256,56,20",c-Jun,1,779,,,PMC5037850__ijms-17-01585-g001.jpg,,832,696,test,test,1,static/imgs/validation/,Ziting
36712,782,34292.0,780,"470,154,50,18",TRIF,1,782,,,PMC4057701__ijms-15-07711f2.jpg,,1305,787,test,test,1,static/imgs/validation/,Joshua
36713,782,,780,"359,230,92,40",NF-KB,3,782,,,PMC4057701__ijms-15-07711f2.jpg,,1305,787,test,test,1,static/imgs/validation/,Joshua
36716,782,,780,"320,484,83,34",IL-12,3,782,,,PMC4057701__ijms-15-07711f2.jpg,,1305,787,test,test,1,static/imgs/validation/,Joshua
36717,782,33906.0,780,"338,652,69,33",LYM,3,782,,,PMC4057701__ijms-15-07711f2.jpg,,1305,787,test,test,1,static/imgs/validation/,Joshua
36718,782,11642.0,780,"319,814,89,37",IFN,1,782,,,PMC4057701__ijms-15-07711f2.jpg,,1305,787,test,test,1,static/imgs/validation/,Joshua
47446,782,18711.0,780,"170,122,151,70",MyD88,1,782,,,PMC4057701__ijms-15-07711f2.jpg,,1305,787,test,test,1,static/imgs/validation/,Joshua
36810,784,1178.0,782,"114,228,64,32",AAI,3,784,,,PMC4061041__pone.0099983.g006.jpg,,795,765,test,test,1,static/imgs/validation/,Yijie
36811,784,1643.0,782,"308,229,78,33",ATM,1,784,,,PMC4061041__pone.0099983.g006.jpg,,795,765,test,test,1,static/imgs/validation/,Yijie
36814,784,,782,"300,336,96,30",IGF-1,0,784,,,PMC4061041__pone.0099983.g006.jpg,,795,765,test,test,1,static/imgs/validation/,Yijie
36817,784,,782,"4,438,151,33",AG1024,0,784,,,PMC4061041__pone.0099983.g006.jpg,,795,765,test,test,1,static/imgs/validation/,Yijie
36818,784,11715.0,782,"284,441,133,32",IGF-1R,3,784,,,PMC4061041__pone.0099983.g006.jpg,,795,765,test,test,1,static/imgs/validation/,Yijie
36821,784,,782,"302,654,92,38",EGR-1,0,784,,,PMC4061041__pone.0099983.g006.jpg,,795,765,test,test,1,static/imgs/validation/,Yijie
36822,784,,782,"299,759,100,32",SCLU,0,784,,,PMC4061041__pone.0099983.g006.jpg,,795,765,test,test,1,static/imgs/validation/,Yijie
37194,796,,794,"381,140,40,18",RORYT,0,796,,,PMC3087811__nihms286343f8.jpg,,413,602,test,test,1,static/imgs/validation/,Stuart
37195,796,,794,"524,141,26,16",TH17,0,796,,,PMC3087811__nihms286343f8.jpg,,413,602,test,test,1,static/imgs/validation/,Stuart
37201,796,,794,"525,292,27,16",ITREG,0,796,,,PMC3087811__nihms286343f8.jpg,,413,602,test,test,1,static/imgs/validation/,Stuart
37202,796,8776.0,794,"393,297,28,16",FOXP3,1,796,,,PMC3087811__nihms286343f8.jpg,,413,602,test,test,1,static/imgs/validation/,Stuart
37203,796,12225.0,794,"109,396,25,10",IL-2,1,796,,,PMC3087811__nihms286343f8.jpg,,413,602,test,test,1,static/imgs/validation/,Stuart
47412,796,,794,"100,289,26,13",TGF,3,796,,,PMC3087811__nihms286343f8.jpg,,413,602,test,test,1,static/imgs/validation/,Stuart
47413,796,12236.0,794,"99,2,33,14",IL-6,1,796,,,PMC3087811__nihms286343f8.jpg,,413,602,test,test,1,static/imgs/validation/,Stuart
47414,796,,794,"4,198,33,20",TGF,3,796,,,PMC3087811__nihms286343f8.jpg,,413,602,test,test,1,static/imgs/validation/,Stuart
47415,796,12239.0,794,"50,79,45,19",gp130,1,796,,,PMC3087811__nihms286343f8.jpg,,413,602,test,test,1,static/imgs/validation/,Stuart
47416,796,,794,"142,78,52,19",CD126,3,796,,,PMC3087811__nihms286343f8.jpg,,413,602,test,test,1,static/imgs/validation/,Stuart
47417,796,,794,"100,124,24,16",TGF,3,796,,,PMC3087811__nihms286343f8.jpg,,413,602,test,test,1,static/imgs/validation/,Stuart
37240,799,,797,"9,11,29,6",YWHA2,3,799,,,PMC5850946__12859_2018_2036_Fig5_HTML.jpg,,221,776,test,test,1,static/imgs/validation/,Yijie
37241,799,3181.0,797,"85,11,28,6",CALM1,1,799,,,PMC5850946__12859_2018_2036_Fig5_HTML.jpg,,221,776,test,test,1,static/imgs/validation/,Yijie
37242,799,8555.0,797,"162,11,25,6",FGFR3,1,799,,,PMC5850946__12859_2018_2036_Fig5_HTML.jpg,,221,776,test,test,1,static/imgs/validation/,Yijie
37243,799,12573.0,797,"283,38,23,7",ITGB5,1,799,,,PMC5850946__12859_2018_2036_Fig5_HTML.jpg,,221,776,test,test,1,static/imgs/validation/,Yijie
37244,799,13595.0,797,"389,38,28,6",LAMA2,1,799,,,PMC5850946__12859_2018_2036_Fig5_HTML.jpg,,221,776,test,test,1,static/imgs/validation/,Yijie
37245,799,10036.0,797,"466,38,21,6",GRB2,1,799,,,PMC5850946__12859_2018_2036_Fig5_HTML.jpg,,221,776,test,test,1,static/imgs/validation/,Yijie
37246,799,8562.0,797,"665,38,25,6",FGFR4,1,799,,,PMC5850946__12859_2018_2036_Fig5_HTML.jpg,,221,776,test,test,1,static/imgs/validation/,Yijie
37247,799,22986.0,797,"741,37,23,9",PRKCI,1,799,,,PMC5850946__12859_2018_2036_Fig5_HTML.jpg,,221,776,test,test,1,static/imgs/validation/,Yijie
37248,799,698.0,797,"531,83,21,6",AKT1,1,799,,,PMC5850946__12859_2018_2036_Fig5_HTML.jpg,,221,776,test,test,1,static/imgs/validation/,Yijie
37249,799,4807.0,797,"151,87,37,15",COL4A5,1,799,,,PMC5850946__12859_2018_2036_Fig5_HTML.jpg,,221,776,test,test,1,static/imgs/validation/,Yijie
37250,799,3882.0,797,"10,91,22,6",CDH1,1,799,,,PMC5850946__12859_2018_2036_Fig5_HTML.jpg,,221,776,test,test,1,static/imgs/validation/,Yijie
37251,799,11273.0,797,"87,91,20,6",HRAS,1,799,,,PMC5850946__12859_2018_2036_Fig5_HTML.jpg,,221,776,test,test,1,static/imgs/validation/,Yijie
37252,799,31195.0,797,"233,100,21,6",SGK1,1,799,,,PMC5850946__12859_2018_2036_Fig5_HTML.jpg,,221,776,test,test,1,static/imgs/validation/,Yijie
37253,799,36188.0,797,"377,115,21,7",TSC2,1,799,,,PMC5850946__12859_2018_2036_Fig5_HTML.jpg,,221,776,test,test,1,static/imgs/validation/,Yijie
37254,799,23823.0,797,"663,117,27,6",RAP1A,1,799,,,PMC5850946__12859_2018_2036_Fig5_HTML.jpg,,221,776,test,test,1,static/imgs/validation/,Yijie
37255,799,22812.0,797,"730,115,42,10",PPP2R3A,1,799,,,PMC5850946__12859_2018_2036_Fig5_HTML.jpg,,221,776,test,test,1,static/imgs/validation/,Yijie
37256,799,8554.0,797,"590,134,25,7",FGFR2,1,799,,,PMC5850946__12859_2018_2036_Fig5_HTML.jpg,,221,776,test,test,1,static/imgs/validation/,Yijie
37257,799,3634.0,797,"181,161,31,18",CCND1,1,799,,,PMC5850946__12859_2018_2036_Fig5_HTML.jpg,,221,776,test,test,1,static/imgs/validation/,Yijie
37258,799,23385.0,797,"358,193,20,6",PTEN,1,799,,,PMC5850946__12859_2018_2036_Fig5_HTML.jpg,,221,776,test,test,1,static/imgs/validation/,Yijie
37259,799,12892.0,797,"130,203,16,6",KDR,1,799,,,PMC5850946__12859_2018_2036_Fig5_HTML.jpg,,221,776,test,test,1,static/imgs/validation/,Yijie
39695,837,22318.0,835,"336,0,77,45",SYX,1,837,,,PMC5241026__nihms839270f8.jpg,,1050,755,test,test,1,static/imgs/validation/,Stuart
39698,837,23625.0,835,"12,392,135,35",RAB3D,1,837,,,PMC5241026__nihms839270f8.jpg,,1050,755,test,test,1,static/imgs/validation/,Stuart
39699,837,,835,"312,392,123,36",SIRT,3,837,,,PMC5241026__nihms839270f8.jpg,,1050,755,test,test,1,static/imgs/validation/,Stuart
39703,837,,835,"579,753,157,41",BMP,3,837,,,PMC5241026__nihms839270f8.jpg,,1050,755,test,test,1,static/imgs/validation/,Stuart
39705,837,,835,"585,882,168,49",pSMAD,3,837,,,PMC5241026__nihms839270f8.jpg,,1050,755,test,test,1,static/imgs/validation/,Stuart
47418,837,24312.0,835,"306,177,134,59",RhoA,1,837,,,PMC5241026__nihms839270f8.jpg,,1050,755,test,test,1,static/imgs/validation/,Stuart
47419,837,,835,"3,180,142,56",F-actin,3,837,,,PMC5241026__nihms839270f8.jpg,,1050,755,test,test,1,static/imgs/validation/,Stuart
47420,837,24338.0,835,"593,556,160,49",RHPN,1,837,,,PMC5241026__nihms839270f8.jpg,,1050,755,test,test,1,static/imgs/validation/,Stuart
47421,837,,835,"299,744,152,56",Noggin,3,837,,,PMC5241026__nihms839270f8.jpg,,1050,755,test,test,1,static/imgs/validation/,Stuart
47422,837,,835,"308,561,130,53",RARy,3,837,,,PMC5241026__nihms839270f8.jpg,,1050,755,test,test,1,static/imgs/validation/,Stuart
39816,842,19309.0,840,"43,5,41,19",CTF,1,842,,,PMC4252843__nihms611316f5.jpg,,368,624,test,test,1,static/imgs/validation/,Yijie
39817,842,10384.0,840,"401,59,88,19",HB-EGF,3,842,,,PMC4252843__nihms611316f5.jpg,,368,624,test,test,1,static/imgs/validation/,Yijie
39818,842,9839.0,840,"39,127,63,19",GPCR,1,842,,,PMC4252843__nihms611316f5.jpg,,368,624,test,test,1,static/imgs/validation/,Yijie
39820,842,7014.0,840,"531,128,59,22",EGFR,1,842,,,PMC4252843__nihms611316f5.jpg,,368,624,test,test,1,static/imgs/validation/,Yijie
47440,842,,840,"252,116,80,38",ADAM,3,842,,,PMC4252843__nihms611316f5.jpg,,368,624,test,test,1,static/imgs/validation/,Yijie
40697,856,23370.0,854,"463,14,27,11",PTCH,1,856,,,PMC5949124__IBJ-22-217-g001.jpg,,433,690,test,test,1,static/imgs/validation/,Yibo
40698,856,32037.0,854,"606,15,32,10",SMO,1,856,,,PMC5949124__IBJ-22-217-g001.jpg,,433,690,test,test,1,static/imgs/validation/,Yibo
47401,856,,854,"506,152,80,44",GLI,3,856,,,PMC5949124__IBJ-22-217-g001.jpg,,433,690,test,test,1,static/imgs/validation/,Yibo
41178,868,,866,"349,88,79,24",APOE3,0,868,,,PMC3920964__cddis2013410f5.jpg,,989,787,test,test,1,static/imgs/validation/,Stuart
41179,868,14863.0,866,"166,113,77,25",APOE2,3,868,,,PMC3920964__cddis2013410f5.jpg,,989,787,test,test,1,static/imgs/validation/,Stuart
41180,868,,866,"474,113,79,24",APOE4,0,868,,,PMC3920964__cddis2013410f5.jpg,,989,787,test,test,1,static/imgs/validation/,Stuart
41181,868,14853.0,866,"303,271,59,19",LRP1,1,868,,,PMC3920964__cddis2013410f5.jpg,,989,787,test,test,1,static/imgs/validation/,Stuart
41182,868,22653.0,866,"258,346,67,31",CYPA,1,868,,,PMC3920964__cddis2013410f5.jpg,,989,787,test,test,1,static/imgs/validation/,Stuart
41184,868,4391.0,866,"347,414,65,21",NFkB,3,868,,,PMC3920964__cddis2013410f5.jpg,,989,787,test,test,1,static/imgs/validation/,Stuart
41185,868,,866,"365,504,84,21",MMP-9,0,868,,,PMC3920964__cddis2013410f5.jpg,,989,787,test,test,1,static/imgs/validation/,Stuart
42672,893,,891,"629,426,91,17",MTORC1,0,893,,,PMC5404978__nihms860625f10.jpg,,919,800,test,test,1,static/imgs/validation/,Stuart
42678,893,22008.0,891,"148,545,74,17",PIK3C3,1,893,,,PMC5404978__nihms860625f10.jpg,,919,800,test,test,1,static/imgs/validation/,Stuart
42681,893,2077.0,891,"214,596,70,17",BECN1,1,893,,,PMC5404978__nihms860625f10.jpg,,919,800,test,test,1,static/imgs/validation/,Stuart
42684,893,33054.0,891,"103,878,91,19",SQSTM1,1,893,,,PMC5404978__nihms860625f10.jpg,,919,800,test,test,1,static/imgs/validation/,Stuart
42685,893,,891,"291,878,51,16",LC3B,0,893,,,PMC5404978__nihms860625f10.jpg,,919,800,test,test,1,static/imgs/validation/,Stuart
42686,893,1623.0,891,"438,876,55,16",ATG7,1,893,,,PMC5404978__nihms860625f10.jpg,,919,800,test,test,1,static/imgs/validation/,Stuart
47262,893,5584.0,891,"311,8,84,40",EtOH,3,893,,,PMC5404978__nihms860625f10.jpg,,919,800,test,test,1,static/imgs/validation/,Stuart
47263,893,8766.0,891,"297,158,108,64",FoxO1,1,893,,,PMC5404978__nihms860625f10.jpg,,919,800,test,test,1,static/imgs/validation/,Stuart
47264,893,22963.0,891,"305,337,96,49",AMPK,1,893,,,PMC5404978__nihms860625f10.jpg,,919,800,test,test,1,static/imgs/validation/,Stuart
47265,893,5584.0,891,"461,488,83,38",ULK 1,3,893,,,PMC5404978__nihms860625f10.jpg,,919,800,test,test,1,static/imgs/validation/,Stuart
47423,893,817.0,891,"83,600,103,29",AMBRA1,1,893,,,PMC5404978__nihms860625f10.jpg,,919,800,test,test,1,static/imgs/validation/,Stuart
47424,893,1633.0,891,"41,553,78,36",ATG14,1,893,,,PMC5404978__nihms860625f10.jpg,,919,800,test,test,1,static/imgs/validation/,Stuart
43629,912,,910,"459,38,91,20",HIF,3,912,,,PMC6643126__ijmsv16p0960g005.jpg,,596,728,test,test,1,static/imgs/validation/,Ziting
43633,912,22205.0,910,"470,361,76,18",PKM2,1,912,,,PMC6643126__ijmsv16p0960g005.jpg,,596,728,test,test,1,static/imgs/validation/,Ziting
43636,912,12586.0,910,"491,532,32,11",EMT,1,912,,,PMC6643126__ijmsv16p0960g005.jpg,,596,728,test,test,1,static/imgs/validation/,Ziting
43836,918,31281.0,916,"135,8,60,22",SHH,1,918,,,PMC2659383__bpa0019-0132-f3.jpg,,458,400,test,test,1,static/imgs/validation/,Joshua
43839,918,32037.0,916,"204,114,49,15",SMO,1,918,,,PMC2659383__bpa0019-0132-f3.jpg,,458,400,test,test,1,static/imgs/validation/,Joshua
43840,918,9564.0,916,"58,219,39,16",GLI,1,918,,,PMC2659383__bpa0019-0132-f3.jpg,,458,400,test,test,1,static/imgs/validation/,Joshua
43841,918,33473.0,916,"133,209,55,15",SUFU,1,918,,,PMC2659383__bpa0019-0132-f3.jpg,,458,400,test,test,1,static/imgs/validation/,Joshua
43842,918,9564.0,916,"151,301,37,14",GLI,1,918,,,PMC2659383__bpa0019-0132-f3.jpg,,458,400,test,test,1,static/imgs/validation/,Joshua
43843,918,18696.0,916,"267,302,38,16",MYC,1,918,,,PMC2659383__bpa0019-0132-f3.jpg,,458,400,test,test,1,static/imgs/validation/,Joshua
44179,926,34376.0,924,"444,62,57,16",TLR4,1,926,,,PMC4536527__srep13092-f8.jpg,,594,787,test,test,1,static/imgs/validation/,Yijie
44181,926,13719.0,924,"440,221,73,18",LDHA,1,926,,,PMC4536527__srep13092-f8.jpg,,594,787,test,test,1,static/imgs/validation/,Yijie
44183,926,12236.0,924,"723,330,37,16",IL-6,1,926,,,PMC4536527__srep13092-f8.jpg,,594,787,test,test,1,static/imgs/validation/,Yijie
44188,926,37194.0,924,"513,467,64,17",VEGF,1,926,,,PMC4536527__srep13092-f8.jpg,,594,787,test,test,1,static/imgs/validation/,Yijie
47381,926,,924,"716,378,64,27",IL-1,3,926,,,PMC4536527__srep13092-f8.jpg,,594,787,test,test,1,static/imgs/validation/,Yijie
47382,926,34794.0,924,"715,349,70,26",TNF,1,926,,,PMC4536527__srep13092-f8.jpg,,594,787,test,test,1,static/imgs/validation/,Yijie
47383,926,10583.0,924,"490,362,72,26",HIF1,1,926,,,PMC4536527__srep13092-f8.jpg,,594,787,test,test,1,static/imgs/validation/,Yijie
44616,932,,930,"86,42,105,31",DLC-1,0,932,,,PMC3789177__cddis2013319f6.jpg,,1074,668,test,test,1,static/imgs/validation/,Joshua
44617,932,,930,"274,172,92,30",KRI-1,0,932,,,PMC3789177__cddis2013319f6.jpg,,1074,668,test,test,1,static/imgs/validation/,Joshua
44619,932,,930,"395,354,107,33",CEP-1,3,932,,,PMC3789177__cddis2013319f6.jpg,,1074,668,test,test,1,static/imgs/validation/,Joshua
44620,932,,930,"34,508,115,28",LIN-35,0,932,,,PMC3789177__cddis2013319f6.jpg,,1074,668,test,test,1,static/imgs/validation/,Joshua
44622,932,,930,"140,628,115,32",CED-9,0,932,,,PMC3789177__cddis2013319f6.jpg,,1074,668,test,test,1,static/imgs/validation/,Joshua
44624,932,,930,"140,764,113,30",CED-4,0,932,,,PMC3789177__cddis2013319f6.jpg,,1074,668,test,test,1,static/imgs/validation/,Joshua
44625,932,,930,"140,904,115,29",CED-3,0,932,,,PMC3789177__cddis2013319f6.jpg,,1074,668,test,test,1,static/imgs/validation/,Joshua
46484,975,12236.0,973,"638,22,14,6",IL6,1,975,,,PMC6307990__gr7.jpg,,492,768,test,test,1,static/imgs/validation/,Stuart
46485,975,12237.0,973,"459,106,20,7",IL6R,1,975,,,PMC6307990__gr7.jpg,,492,768,test,test,1,static/imgs/validation/,Stuart
46487,975,33322.0,973,"290,211,42,12",STAT3,1,975,,,PMC6307990__gr7.jpg,,492,768,test,test,1,static/imgs/validation/,Stuart
46488,975,11604.0,973,"451,233,22,12",IDO1,1,975,,,PMC6307990__gr7.jpg,,492,768,test,test,1,static/imgs/validation/,Stuart
46492,975,12586.0,973,"77,288,19,7",EMT,1,975,,,PMC6307990__gr7.jpg,,492,768,test,test,1,static/imgs/validation/,Stuart
46493,975,33322.0,973,"225,373,47,14",STAT3,1,975,,,PMC6307990__gr7.jpg,,492,768,test,test,1,static/imgs/validation/,Stuart
46494,975,,973,"93,374,26,6",PD-L1,0,975,,,PMC6307990__gr7.jpg,,492,768,test,test,1,static/imgs/validation/,Stuart
46495,975,11604.0,973,"339,379,26,7",IDO1,1,975,,,PMC6307990__gr7.jpg,,492,768,test,test,1,static/imgs/validation/,Stuart
46496,975,12236.0,973,"418,379,19,13",IL6,1,975,,,PMC6307990__gr7.jpg,,492,768,test,test,1,static/imgs/validation/,Stuart
46536,977,22009.0,975,"438,126,36,12",PI3K,1,977,,,PMC3946494__nihms540696f6.jpg,,609,714,test,test,1,static/imgs/validation/,Stuart
46537,977,,975,"546,185,46,14",PAKT,0,977,,,PMC3946494__nihms540696f6.jpg,,609,714,test,test,1,static/imgs/validation/,Stuart
46538,977,,975,"338,179,34,14",AKT,0,977,,,PMC3946494__nihms540696f6.jpg,,609,714,test,test,1,static/imgs/validation/,Stuart
46543,977,,975,"392,399,48,14",NF-KB,3,977,,,PMC3946494__nihms540696f6.jpg,,609,714,test,test,1,static/imgs/validation/,Stuart
46547,977,,975,"394,529,60,17",NF-KB,3,977,,,PMC3946494__nihms540696f6.jpg,,609,714,test,test,1,static/imgs/validation/,Stuart
47271,977,5584.0,975,"362,235,58,47",IKB,3,977,,,PMC3946494__nihms540696f6.jpg,,609,714,test,test,1,static/imgs/validation/,Stuart
47272,977,5584.0,975,"311,344,60,36",pIKB,3,977,,,PMC3946494__nihms540696f6.jpg,,609,714,test,test,1,static/imgs/validation/,Stuart
47125,987,19547.0,985,"509,49,63,21",NOS1,1,987,,,PMC6451008__41419_2019_1542_Fig1_HTML.jpg,,728,633,test,test,1,static/imgs/validation/,Yijie
47132,987,,985,"260,252,48,16",AKT,0,987,,,PMC6451008__41419_2019_1542_Fig1_HTML.jpg,,728,633,test,test,1,static/imgs/validation/,Yijie
47133,987,18596.0,985,"246,369,71,17",MTOR,1,987,,,PMC6451008__41419_2019_1542_Fig1_HTML.jpg,,728,633,test,test,1,static/imgs/validation/,Yijie
47441,987,23385.0,985,"510,137,71,30",PTEN,1,987,,,PMC6451008__41419_2019_1542_Fig1_HTML.jpg,,728,633,test,test,1,static/imgs/validation/,Yijie
