relation_id,activator,receptor,activator_id,receptor_id,fig_id,symbol_Bbox,relation_Bbox,relation_type,fig_id,paper_id,fig_link,fig_name,fig_file,height,width,fig_title,fig_caption,review_status,fig_path,reviewer_name
6260,PI3K,AKT,11786,11783,320,,"139,384,246,50",activate_relation,320,,,PMC6681686__medscimonit-25-5572-g005.jpg,,480,640,test,test,1,static/imgs/validation/,Joshua
5990,mTORC1,IRE1,13423,13426,345,,"277.00000000000006,216,106,163.00000000000003",activate_relation,345,,,PMC3655991__pone.0064344.g007.jpg,,852,674,test,test,1,static/imgs/validation/,Stuart
6570,CBF1,CBF1,47409,15134,375,,"184,923,345.00000000000006,61.00000000000009",activate_relation,375,,,PMC3365567__nihms378339f1.jpg,,1050,782,test,test,1,static/imgs/validation/,Stuart
2051,TGFBS,TGFBR2,15780,15783,386,,"303.2925109863,13.9496135712,28.662902832,73.2517242432",activate_relation,386,,,PMC5541090__41598_2017_6522_Fig1_HTML.jpg,,571,675,test,test,1,static/imgs/validation/,Yijie
2054,TGFBR2,SMAD2,15783,15784,386,,"293.4040222168,113.6740341187,63.0255432129,27.8458175659",activate_relation,386,,,PMC5541090__41598_2017_6522_Fig1_HTML.jpg,,571,675,test,test,1,static/imgs/validation/,Yijie
2055,NREP,TGFBS,15781,15780,386,,"434.5741882324,5.5887331963,105.354095459,24.095457077",activate_relation,386,,,PMC5541090__41598_2017_6522_Fig1_HTML.jpg,,571,675,test,test,1,static/imgs/validation/,Yijie
6154,TGFBS,TGFBR1,15780,15782,386,,"202,11.000000000000002,202,95",activate_relation,386,,,PMC5541090__41598_2017_6522_Fig1_HTML.jpg,,571,675,test,test,1,static/imgs/validation/,Yijie
6155,TGFBR1,SMAD2,15782,15784,386,,"202,96,176.99999999999997,67",activate_relation,386,,,PMC5541090__41598_2017_6522_Fig1_HTML.jpg,,571,675,test,test,1,static/imgs/validation/,Yijie
5998,SMAD2,SMAD2,15879,15881,390,,"500,212,123.99999999999997,185.99999999999997",activate_relation,390,,,PMC4074601__nihms577797f8.jpg,,1050,932,test,test,1,static/imgs/validation/,Stuart
5999,SMAD2,SMAD2,15881,15883,390,,"499,365,82,289.99999999999994",activate_relation,390,,,PMC4074601__nihms577797f8.jpg,,1050,932,test,test,1,static/imgs/validation/,Stuart
6001,SNON,SNON,15886,15887,390,,"520,751.0000000000001,251.99999999999991,26.00000000000002",activate_relation,390,,,PMC4074601__nihms577797f8.jpg,,1050,932,test,test,1,static/imgs/validation/,Stuart
6003,SNON,CD61,15886,15892,390,,"520,751.9999999999999,152.99999999999994,160.00000000000009",inhibit_relation,390,,,PMC4074601__nihms577797f8.jpg,,1050,932,test,test,1,static/imgs/validation/,Stuart
6004,RNAP II,CD61,47165,15892,390,,"481,868,192,44.00000000000003",activate_relation,390,,,PMC4074601__nihms577797f8.jpg,,1050,932,test,test,1,static/imgs/validation/,Stuart
2109,ANG,MAS,16057,16060,394,,"345.6778564453,444.372253418,28.4194030762,58.5385742188",inhibit_relation,394,,,PMC5238375__srep40523-f2.jpg,,763,675,test,test,1,static/imgs/validation/,Ziting
2110,ANG,ATIR,16058,16061,394,,"256.9506835938,476.6862182617,25.7826843262,51.4584960938",activate_relation,394,,,PMC5238375__srep40523-f2.jpg,,763,675,test,test,1,static/imgs/validation/,Ziting
2111,ACE2,ANG,16053,16057,394,,"346.7620849609,352.7956237793,27.2667236328,53.1542053223",inhibit_relation,394,,,PMC5238375__srep40523-f2.jpg,,763,675,test,test,1,static/imgs/validation/,Ziting
2113,PFD,LXR,16052,16056,394,,"64.4139938354,333.6741027832,60.9488143921,40.9773254395",activate_relation,394,,,PMC5238375__srep40523-f2.jpg,,763,675,test,test,1,static/imgs/validation/,Ziting
2114,PFD,LXR,16052,16056,394,,"533.9535522461,320.9661254883,72.5924682617,48.2015991211",activate_relation,394,,,PMC5238375__srep40523-f2.jpg,,763,675,test,test,1,static/imgs/validation/,Ziting
2115,ACE,ANG,16054,16058,394,,"258.0511169434,372.8935546875,23.2997741699,63.015838623",activate_relation,394,,,PMC5238375__srep40523-f2.jpg,,763,675,test,test,1,static/imgs/validation/,Ziting
2247,GSK3B,NF-KB,17054,17056,413,,"221.338470459,276.9652404785,52.9769897461,75.8396606445",inhibit_relation,413,,,PMC6241696__ott-11-8107Fig4.jpg,,624,744,test,test,1,static/imgs/validation/,Ziting
2248,PKA,GSK3B,17053,17054,413,,"222.5801086426,187.0217285156,52.3644714355,61.7376861572",inhibit_relation,413,,,PMC6241696__ott-11-8107Fig4.jpg,,624,744,test,test,1,static/imgs/validation/,Ziting
2249,NF-KB,NFKB,17056,17058,413,,"239.2917480469,397.774597168,24.4708251953,79.2338867188",activate_relation,413,,,PMC6241696__ott-11-8107Fig4.jpg,,624,744,test,test,1,static/imgs/validation/,Ziting
6412,NF-KB,CASP3,17056,17057,413,,"218,373,295,12.000000000000016",activate_relation,413,,,PMC6241696__ott-11-8107Fig4.jpg,,624,744,test,test,1,static/imgs/validation/,Ziting
6393,PI3K,AKT,17894,17900,431,,"273,157,262.00000000000006,91.99999999999999",activate_relation,431,,,PMC3932947__2040-2392-5-9-7.jpg,,607,600,test,test,1,static/imgs/validation/,Yijie
6394,PI3K,PDK1,17894,17899,431,,"92,157,234,87.99999999999996",activate_relation,431,,,PMC3932947__2040-2392-5-9-7.jpg,,607,600,test,test,1,static/imgs/validation/,Yijie
6395,PDK1,S6K,17899,17907,431,,92230228215,activate_relation,431,,,PMC3932947__2040-2392-5-9-7.jpg,,607,600,test,test,1,static/imgs/validation/,Yijie
6396,MTORC1,S6K,17903,17907,431,,"279,350,280.99999999999994,94.99999999999997",activate_relation,431,,,PMC3932947__2040-2392-5-9-7.jpg,,607,600,test,test,1,static/imgs/validation/,Yijie
2474,ERK,ETS,18592,18593,446,,"321.1948852539,285.4559326172,84.6156311035,80.7766418457",activate_relation,446,,,PMC5482458__pone.0179614.g005.jpg,,774,615,test,test,1,static/imgs/validation/,Ziting
2777,UO126,ERK,20340,20338,484,,"254.597442627,571.5298461914,51.1907958984,52.610168457",inhibit_relation,484,,,PMC5967041__12885_2018_4500_Fig4_HTML.jpg,,679,787,test,test,1,static/imgs/validation/,Ziting
2877,PPAR,NF-KB,21422,21423,502,,"99.8053741455,190.4318237305,42.6100921631,22.7590179443",inhibit_relation,502,,,PMC3341532__nihms-362544-f0008.jpg,,485,600,test,test,1,static/imgs/validation/,Joshua
6270,ROS,NF-KB,21420,21423,502,,"168,109,156,99.00000000000001",activate_relation,502,,,PMC3341532__nihms-362544-f0008.jpg,,485,600,test,test,1,static/imgs/validation/,Joshua
6271,PPAR,ROS,21421,21420,502,,"290,105,240.00000000000006,22.999999999999993",inhibit_relation,502,,,PMC3341532__nihms-362544-f0008.jpg,,485,600,test,test,1,static/imgs/validation/,Joshua
6482,NF-KB,IL-1B,21423,21427,502,,"166,193,51.99999999999998,102.00000000000003",activate_relation,502,,,PMC3341532__nihms-362544-f0008.jpg,,485,600,test,test,1,static/imgs/validation/,Joshua
2906,MEK,ERK1,21704,21709,509,,"171.9269866943,395.7303466797,41.3671569824,80.7385559082",inhibit_relation,509,,,PMC6675870__fphar-10-00784-g006.jpg,,1013,787,test,test,1,static/imgs/validation/,Ziting
2908,ERK1,BCL,21709,21707,509,,"281.5595703125,488.0581054688,105.7389221191,29.2825927734",activate_relation,509,,,PMC6675870__fphar-10-00784-g006.jpg,,1013,787,test,test,1,static/imgs/validation/,Ziting
2936,PKCA,IKB,22035,22037,515,,"532.2654418945,230.9043273926,15.1044921875,51.7156982422",activate_relation,515,,,PMC6322368__medscimonit-24-9413-g008.jpg,,400,640,test,test,1,static/imgs/validation/,Yijie
2971,EDN1,EDNRB,22309,22308,522,,"272.639251709,194.241104126,98.853515625,24.5835418701",activate_relation,522,,,PMC3036164__nihms259428f8.jpg,,600,498,test,test,1,static/imgs/validation/,Stuart
6588,EDN1,Ednra,22309,47450,522,,"386,209,94.00000000000003,116",activate_relation,522,,,PMC3036164__nihms259428f8.jpg,,600,498,test,test,1,static/imgs/validation/,Stuart
6589,Ednra,HAND2,47450,22312,522,,"232,293,248,84",activate_relation,522,,,PMC3036164__nihms259428f8.jpg,,600,498,test,test,1,static/imgs/validation/,Stuart
3166,ATR,RPA,24259,24256,556,,"259.9597473145,153.6520690918,123.1334533691,44.0457763672",activate_relation,556,,,PMC3978517__genes-05-00147-g002.jpg,,626,739,test,test,1,static/imgs/validation/,Yijie
6203,ATR,FPC,24259,24261,556,,"383,127,189.99999999999997,21.000000000000014",activate_relation,556,,,PMC3978517__genes-05-00147-g002.jpg,,626,739,test,test,1,static/imgs/validation/,Yijie
6204,ATR,H2AX,24259,24257,556,,"383,109,306.99999999999994,39.00000000000002",activate_relation,556,,,PMC3978517__genes-05-00147-g002.jpg,,626,739,test,test,1,static/imgs/validation/,Yijie
6580,ATR,H2AX,24259,47432,556,,"55,108,357,40.00000000000001",activate_relation,556,,,PMC3978517__genes-05-00147-g002.jpg,,626,739,test,test,1,static/imgs/validation/,Yijie
6205,XS,XS,24300,24302,558,,"339,443,22.999999999999986,148.00000000000009",activate_relation,558,,,PMC5642883__BMRI2017-9592501.008.jpg,,688,668,test,test,1,static/imgs/validation/,Yijie
6581,MEK1,ERK1,47435,47436,558,,"0,0,369,213",activate_relation,558,,,PMC5642883__BMRI2017-9592501.008.jpg,,688,668,test,test,1,static/imgs/validation/,Yijie
3314,AKT,P-GP,25465,25473,581,,"295.3264465332,441.7499084473,59.2854309082,116.3923034668",activate_relation,581,,,PMC5908975__fnmol-11-00130-g0007.jpg,,735,661,test,test,1,static/imgs/validation/,Yijie
3316,AKT,ERK,25465,25467,581,,"96.6035842896,411.3159790039,119.4998092651,61.2180175781",activate_relation,581,,,PMC5908975__fnmol-11-00130-g0007.jpg,,735,661,test,test,1,static/imgs/validation/,Yijie
3321,ERK,CYCLIN D1,25467,25471,581,,"48.9275779724,521.310546875,18.3483161926,36.248840332",activate_relation,581,,,PMC5908975__fnmol-11-00130-g0007.jpg,,735,661,test,test,1,static/imgs/validation/,Yijie
3325,AKT,MMP2,25465,25466,581,,"318.3034057617,407.375,204.3487548828,73.2284851074",activate_relation,581,,,PMC5908975__fnmol-11-00130-g0007.jpg,,735,661,test,test,1,static/imgs/validation/,Yijie
6206,AKT,P53,25465,25470,581,,"0,0,231,551",inhibit_relation,581,,,PMC5908975__fnmol-11-00130-g0007.jpg,,735,661,test,test,1,static/imgs/validation/,Yijie
6210,P53,CYCLIN D1,25470,25471,581,,"22.000000000000004,537,209,62.000000000000014",inhibit_relation,581,,,PMC5908975__fnmol-11-00130-g0007.jpg,,735,661,test,test,1,static/imgs/validation/,Yijie
6216,AKT,SOX,25465,25469,581,,244409221110,inhibit_relation,581,,,PMC5908975__fnmol-11-00130-g0007.jpg,,735,661,test,test,1,static/imgs/validation/,Yijie
6582,Paxillin,AKT,47439,25465,581,,"244,282,115.99999999999996,138",activate_relation,581,,,PMC5908975__fnmol-11-00130-g0007.jpg,,735,661,test,test,1,static/imgs/validation/,Yijie
3456,N-WASP,WIP,26468,26467,601,,"134.990447998,140.4607086182,56.1226348877,18.5553741455",activate_relation,601,,,PMC5148706__nihms828371f2.jpg,,444,600,test,test,1,static/imgs/validation/,Ziting
3459,ITSN,N-WASP,26466,26468,601,,"283.8396911621,70.7580718994,20.8598632812,47.1147384644",activate_relation,601,,,PMC5148706__nihms828371f2.jpg,,444,600,test,test,1,static/imgs/validation/,Ziting
3460,ITSN,WIP,26466,26467,601,,"103.2375640869,69.5992660522,196.4524993896,63.5648574829",activate_relation,601,,,PMC5148706__nihms828371f2.jpg,,444,600,test,test,1,static/imgs/validation/,Ziting
3461,N-WASP,CDC42,26468,26469,601,,"288.4311218262,69.0231552124,192.6899414062,63.6533432007",activate_relation,601,,,PMC5148706__nihms828371f2.jpg,,444,600,test,test,1,static/imgs/validation/,Ziting
3463,N-WASP,ARP,26468,26471,601,,"282.5834960938,171.8880462646,20.4401855469,70.37890625",activate_relation,601,,,PMC5148706__nihms828371f2.jpg,,444,600,test,test,1,static/imgs/validation/,Ziting
6419,CDC42,N-WASP,26469,26468,601,,"255,140,300,18",activate_relation,601,,,PMC5148706__nihms828371f2.jpg,,444,600,test,test,1,static/imgs/validation/,Ziting
6420,WIP,N-WASP,26467,26468,601,,"46,140,288,15",activate_relation,601,,,PMC5148706__nihms828371f2.jpg,,444,600,test,test,1,static/imgs/validation/,Ziting
6114,YAP,YAP,26807,26812,609,,"225,135,93.00000000000003,144",activate_relation,609,,,PMC5788631__oncotarget-09-2175-g012.jpg,,339,712,test,test,1,static/imgs/validation/,Stuart
6118,YAP,YAP,26807,26809,609,,"81,135,237,27.000000000000007",activate_relation,609,,,PMC5788631__oncotarget-09-2175-g012.jpg,,339,712,test,test,1,static/imgs/validation/,Stuart
6571,MST1,LAST1,47410,47411,609,,"143.00000000000003,5,69.00000000000001,105",activate_relation,609,,,PMC5788631__oncotarget-09-2175-g012.jpg,,339,712,test,test,1,static/imgs/validation/,Stuart
3589,P85,AKT,27589,27595,625,,"169.7488555908,191.3767852783,26.7528381348,59.8773651123",activate_relation,625,,,PMC3502787__CHRP2012-817304.002.jpg,,336,600,test,test,1,static/imgs/validation/,Stuart
6119,TKIS,TK,27590,47199,625,,"196,112,22.999999999999993,86",inhibit_relation,625,,,PMC3502787__CHRP2012-817304.002.jpg,,336,600,test,test,1,static/imgs/validation/,Stuart
6120,TKIS,TK,27591,47200,625,,"265,119,25.000000000000032,79.99999999999999",inhibit_relation,625,,,PMC3502787__CHRP2012-817304.002.jpg,,336,600,test,test,1,static/imgs/validation/,Stuart
6585,ATM,p53,28906,47442,653,,"0,0,580,181",activate_relation,653,,,PMC2988105__nihms224319f6.jpg,,507,800,test,test,1,static/imgs/validation/,Joshua
6586,PKC,p21,47443,47444,653,,112164184121,activate_relation,653,,,PMC2988105__nihms224319f6.jpg,,507,800,test,test,1,static/imgs/validation/,Joshua
6587,PKC,NAG,47443,47445,653,,248164157122,activate_relation,653,,,PMC2988105__nihms224319f6.jpg,,507,800,test,test,1,static/imgs/validation/,Joshua
6421,AKT,AKT,28965,28969,655,,"371,121,12.99999999999997,71.00000000000004",activate_relation,655,,,PMC3068308__PRI2011-620601.004.jpg,,367,465,test,test,1,static/imgs/validation/,Ziting
6422,AKT,NFKB,28969,28968,655,,"280,185.00000000000003,104,7.000000000000018",activate_relation,655,,,PMC3068308__PRI2011-620601.004.jpg,,367,465,test,test,1,static/imgs/validation/,Ziting
6423,NFKB,BcL2,28968,28967,655,,"183,183,119.99999999999996,9.00000000000003",activate_relation,655,,,PMC3068308__PRI2011-620601.004.jpg,,367,465,test,test,1,static/imgs/validation/,Ziting
6424,NFKB,bcl-x,28968,47275,655,,"178,185.00000000000003,124.99999999999997,37.000000000000014",activate_relation,655,,,PMC3068308__PRI2011-620601.004.jpg,,367,465,test,test,1,static/imgs/validation/,Ziting
6126,CRK,RAC1,29240,29242,661,,26199167129,activate_relation,661,,,PMC2172299__200312013f8.jpg,,502,720,test,test,1,static/imgs/validation/,Stuart
6127,PY861,RAC1,29239,29242,661,,"119,205,182.99999999999997,123.00000000000003",activate_relation,661,,,PMC2172299__200312013f8.jpg,,502,720,test,test,1,static/imgs/validation/,Stuart
3980,CHK1,CDC25C,30452,30455,681,,"370.8927001953,292.1018371582,20.7059020996,45.9709472656",inhibit_relation,681,,,PMC4826221__oncotarget-07-4490-g009.jpg,,488,650,test,test,1,static/imgs/validation/,Ziting
3983,GL,PH2AX,30448,30449,681,,"196.5309906006,56.1704673767,14.055770874,55.1588554382",activate_relation,681,,,PMC4826221__oncotarget-07-4490-g009.jpg,,488,650,test,test,1,static/imgs/validation/,Ziting
3985,ATM,CHK1,30450,30452,681,,"374.0815734863,181.1275482178,15.0723266602,64.2520904541",activate_relation,681,,,PMC4826221__oncotarget-07-4490-g009.jpg,,488,650,test,test,1,static/imgs/validation/,Ziting
3986,PH2AX,ATM,30449,30450,681,,"222.3735198975,116.5505599976,96.1256256104,25.8461074829",activate_relation,681,,,PMC4826221__oncotarget-07-4490-g009.jpg,,488,650,test,test,1,static/imgs/validation/,Ziting
6425,NAC,PH2AX,30447,30449,681,,"142,13,207,148",inhibit_relation,681,,,PMC4826221__oncotarget-07-4490-g009.jpg,,488,650,test,test,1,static/imgs/validation/,Ziting
6426,ATM,PH2AX,30450,30449,681,,"142,150,278,13",activate_relation,681,,,PMC4826221__oncotarget-07-4490-g009.jpg,,488,650,test,test,1,static/imgs/validation/,Ziting
6427,CDK,CDK,30456,30457,681,,"169,385,423,14",activate_relation,681,,,PMC4826221__oncotarget-07-4490-g009.jpg,,488,650,test,test,1,static/imgs/validation/,Ziting
6428,CDK,G2,30456,47276,681,,"25,385,201,94",activate_relation,681,,,PMC4826221__oncotarget-07-4490-g009.jpg,,488,650,test,test,1,static/imgs/validation/,Ziting
4194,RAF,MEK1,33065,33071,724,,"81.1409835815,584.7219238281,22.1381912231,54.2743530273",activate_relation,724,,,PMC3233205__nihms323230f1.jpg,,912,654,test,test,1,static/imgs/validation/,Joshua
6300,PIP3,PLCR,33060,33061,724,,"370,29,144.99999999999994,119",activate_relation,724,,,PMC3233205__nihms323230f1.jpg,,912,654,test,test,1,static/imgs/validation/,Joshua
6301,PLCR,PIP2,33061,33062,724,,"370,134,92.99999999999997,118.00000000000003",activate_relation,724,,,PMC3233205__nihms323230f1.jpg,,912,654,test,test,1,static/imgs/validation/,Joshua
6302,PIP2,PKC,33062,33063,724,,"320.99999999999994,239,142.00000000000003,117.99999999999997",activate_relation,724,,,PMC3233205__nihms323230f1.jpg,,912,654,test,test,1,static/imgs/validation/,Joshua
6303,PKC,MEK1,33063,33071,724,,"73,343,287.99999999999994,328.00000000000006",activate_relation,724,,,PMC3233205__nihms323230f1.jpg,,912,654,test,test,1,static/imgs/validation/,Joshua
6305,PIP3,AKT,33060,33073,724,,"290,29,224.99999999999994,854",activate_relation,724,,,PMC3233205__nihms323230f1.jpg,,912,654,test,test,1,static/imgs/validation/,Joshua
6306,PLCR,PKC,33061,33063,724,,"320.99999999999994,134,94.00000000000001,223",activate_relation,724,,,PMC3233205__nihms323230f1.jpg,,912,654,test,test,1,static/imgs/validation/,Joshua
6307,PKA,AKT,33064,33073,724,,"272,448,39.99999999999998,434.9999999999999",activate_relation,724,,,PMC3233205__nihms323230f1.jpg,,912,654,test,test,1,static/imgs/validation/,Joshua
6308,PKC,RAF,33063,33065,724,,"83,343,277.99999999999994,224.99999999999994",activate_relation,724,,,PMC3233205__nihms323230f1.jpg,,912,654,test,test,1,static/imgs/validation/,Joshua
6309,PKA,RAF,33064,33065,724,,"83,448,228.99999999999994,119.99999999999993",activate_relation,724,,,PMC3233205__nihms323230f1.jpg,,912,654,test,test,1,static/imgs/validation/,Joshua
6310,RAF,MEK1,33065,33071,724,,"73,549,66,122.00000000000007",activate_relation,724,,,PMC3233205__nihms323230f1.jpg,,912,654,test,test,1,static/imgs/validation/,Joshua
6590,PIP3,PIP2,33060,33062,724,,"420,29,94.99999999999999,223",activate_relation,724,,,PMC3233205__nihms323230f1.jpg,,912,654,test,test,1,static/imgs/validation/,Joshua
6591,PKA,MEK1,33064,33071,724,,"73,448,238.99999999999994,223",activate_relation,724,,,PMC3233205__nihms323230f1.jpg,,912,654,test,test,1,static/imgs/validation/,Joshua
6592,PKA,ErK1,33064,47453,724,,"0,0,214,778",activate_relation,724,,,PMC3233205__nihms323230f1.jpg,,912,654,test,test,1,static/imgs/validation/,Joshua
6593,PKC,PKA,33063,33064,724,,"272,343,88.99999999999997,118.00000000000004",activate_relation,724,,,PMC3233205__nihms323230f1.jpg,,912,654,test,test,1,static/imgs/validation/,Joshua
6594,PKC,p38,33063,47451,724,,"320.99999999999994,343,96.99999999999999,230.00000000000006",activate_relation,724,,,PMC3233205__nihms323230f1.jpg,,912,654,test,test,1,static/imgs/validation/,Joshua
6595,PKC,JNK,33063,47452,724,,"320.99999999999994,343,250.00000000000006,227.00000000000006",activate_relation,724,,,PMC3233205__nihms323230f1.jpg,,912,654,test,test,1,static/imgs/validation/,Joshua
6596,PKA,p38,33064,47451,724,,"272,448,145.99999999999997,125.00000000000004",activate_relation,724,,,PMC3233205__nihms323230f1.jpg,,912,654,test,test,1,static/imgs/validation/,Joshua
6597,PKA,JNK,33064,47452,724,,272448299122,activate_relation,724,,,PMC3233205__nihms323230f1.jpg,,912,654,test,test,1,static/imgs/validation/,Joshua
6598,ErK1,AKT,47453,33073,724,,150755159128,activate_relation,724,,,PMC3233205__nihms323230f1.jpg,,912,654,test,test,1,static/imgs/validation/,Joshua
4403,GULP,DYN-1,35757,35760,760,,"566.3726806641,350.8733825684,26.6893310547,50.6578369141",activate_relation,760,,,PMC3521709__pgen.1003115.g001.jpg,,645,656,test,test,1,static/imgs/validation/,mihail
4404,ABC1,CED-1,35745,35751,760,,"566.7597045898,86.7485961914,26.5413818359,40.7613983154",activate_relation,760,,,PMC3521709__pgen.1003115.g001.jpg,,645,656,test,test,1,static/imgs/validation/,mihail
4405,MEGF10,CED-6,35752,35756,760,,"567.2051391602,223.542678833,26.3120727539,34.7098846436",activate_relation,760,,,PMC3521709__pgen.1003115.g001.jpg,,645,656,test,test,1,static/imgs/validation/,mihail
5918,DOCK180,CED-10,35749,35754,760,,"168,181,156.00000000000003,122.00000000000003",activate_relation,760,,,PMC3521709__pgen.1003115.g001.jpg,,645,656,test,test,1,static/imgs/validation/,mihail
6328,CRKII,CED-10,35743,35754,760,,"247,46,77.00000000000001,257.00000000000006",activate_relation,760,,,PMC3521709__pgen.1003115.g001.jpg,,645,656,test,test,1,static/imgs/validation/,mihail
6329,CRKII,CED-5,35743,35748,760,,"186.00000000000003,46,123,127",activate_relation,760,,,PMC3521709__pgen.1003115.g001.jpg,,645,656,test,test,1,static/imgs/validation/,mihail
4407,GM6001,MMP-9,35775,35778,761,,"336.0461730957,258.0925598145,26.8577880859,38.7177124023",inhibit_relation,761,,,PMC3591436__pone.0053370.g006.jpg,,512,652,test,test,1,static/imgs/validation/,Stuart
4409,NF-KB,IKB-A,35777,35773,761,,"87.6698913574,181.9217071533,50.672454834,29.3901672363",activate_relation,761,,,PMC3591436__pone.0053370.g006.jpg,,512,652,test,test,1,static/imgs/validation/,Stuart
6137,NF-KB,NF-KB,35771,35774,761,,"109,165,50.000000000000014,80.00000000000003",activate_relation,761,,,PMC3591436__pone.0053370.g006.jpg,,512,652,test,test,1,static/imgs/validation/,Stuart
6138,NF-KB,NF-KB,35774,35777,761,,"109,230,48.99999999999999,83.99999999999997",activate_relation,761,,,PMC3591436__pone.0053370.g006.jpg,,512,652,test,test,1,static/imgs/validation/,Stuart
6139,MMP-9,MMP-9,35776,35778,761,,"221,256,151.99999999999997,57.99999999999998",activate_relation,761,,,PMC3591436__pone.0053370.g006.jpg,,512,652,test,test,1,static/imgs/validation/,Stuart
4437,SMO,GLI,36066,36068,766,,"180.5280151367,156.6572113037,229.9795227051,256.1566772461",activate_relation,766,,,PMC6820189__10.1177_1559325819885293-fig2.jpg,,713,660,test,test,1,static/imgs/validation/,Ziting
6437,GLI,GLIACT,36068,36069,766,,"117,423,408.9999999999999,34.000000000000014",activate_relation,766,,,PMC6820189__10.1177_1559325819885293-fig2.jpg,,713,660,test,test,1,static/imgs/validation/,Ziting
4542,JNK,AP,36585,36589,779,,"318.3922119141,219.172164917,20.2215881348,96.2025299072",activate_relation,779,,,PMC5037850__ijms-17-01585-g001.jpg,,832,696,test,test,1,static/imgs/validation/,Ziting
6438,AP,FAS,36589,36590,779,,"303,346.99999999999994,323,18.000000000000014",activate_relation,779,,,PMC5037850__ijms-17-01585-g001.jpg,,832,696,test,test,1,static/imgs/validation/,Ziting
4558,LYM,IFN,36717,36718,782,,"340.0549316406,734.9065551758,43.846282959,69.2621459961",activate_relation,782,,,PMC4057701__ijms-15-07711f2.jpg,,1305,787,test,test,1,static/imgs/validation/,Joshua
4559,NF-KB,IL-12,36713,36716,782,,"301.250579834,295.7521972656,77.1332397461,186.0369262695",activate_relation,782,,,PMC4057701__ijms-15-07711f2.jpg,,1305,787,test,test,1,static/imgs/validation/,Joshua
6317,IL-12,LYM,36716,36717,782,,"320,484,87.00000000000001,201.00000000000003",activate_relation,782,,,PMC4057701__ijms-15-07711f2.jpg,,1305,787,test,test,1,static/imgs/validation/,Joshua
4582,IGF-1,IGF-1R,36814,36818,784,,"335.9219360352,376.2900390625,30.4887390137,50.4446411133",activate_relation,784,,,PMC4061041__pone.0099983.g006.jpg,,795,765,test,test,1,static/imgs/validation/,Yijie
4583,ATM,IGF-1,36811,36814,784,,"336.7342529297,272.5973510742,28.9217529297,48.6117553711",activate_relation,784,,,PMC4061041__pone.0099983.g006.jpg,,795,765,test,test,1,static/imgs/validation/,Yijie
4584,EGR-1,SCLU,36821,36822,784,,"337.2862854004,698.5745849609,29.9034118652,50.630859375",activate_relation,784,,,PMC4061041__pone.0099983.g006.jpg,,795,765,test,test,1,static/imgs/validation/,Yijie
6245,AAI,ATM,36810,36811,784,,"114,228,271.99999999999994,33.99999999999999",inhibit_relation,784,,,PMC4061041__pone.0099983.g006.jpg,,795,765,test,test,1,static/imgs/validation/,Yijie
6246,AG1024,IGF-1R,36817,36818,784,,"4,438,413,34.999999999999964",inhibit_relation,784,,,PMC4061041__pone.0099983.g006.jpg,,795,765,test,test,1,static/imgs/validation/,Yijie
4647,FOXP3,ITREG,37202,37201,796,,"452.7989807129,289.0950622559,56.526550293,22.9767150879",activate_relation,796,,,PMC3087811__nihms286343f8.jpg,,413,602,test,test,1,static/imgs/validation/,Stuart
4650,RORYT,TH17,37194,37195,796,,"453.8264770508,133.4199523926,57.3575744629,23.4808959961",activate_relation,796,,,PMC3087811__nihms286343f8.jpg,,413,602,test,test,1,static/imgs/validation/,Stuart
4652,FOXP3,RORYT,37202,37194,796,,"397.0348815918,188.3583679199,21.3253173828,68.535369873",inhibit_relation,796,,,PMC3087811__nihms286343f8.jpg,,413,602,test,test,1,static/imgs/validation/,Stuart
6572,TGF,TGF,47414,47412,796,,4198122104,activate_relation,796,,,PMC3087811__nihms286343f8.jpg,,413,602,test,test,1,static/imgs/validation/,Stuart
6573,TGF,TGF,47414,47417,796,,"4,124,119.99999999999997,94",activate_relation,796,,,PMC3087811__nihms286343f8.jpg,,413,602,test,test,1,static/imgs/validation/,Stuart
4667,GRB2,AKT1,37245,37248,799,,"489.7493591309,48.8657684326,37.7547912598,31.5397796631",inhibit_relation,799,,,PMC5850946__12859_2018_2036_Fig5_HTML.jpg,,221,776,test,test,1,static/imgs/validation/,Yijie
4668,SGK1,CCND1,37252,37257,799,,"196.797164917,114.1626281738,41.5246582031,46.871963501",inhibit_relation,799,,,PMC5850946__12859_2018_2036_Fig5_HTML.jpg,,221,776,test,test,1,static/imgs/validation/,Yijie
4669,FGFR2,AKT1,37256,37248,799,,"553.8041992188,95.4583816528,37.3479614258,31.4080200195",inhibit_relation,799,,,PMC5850946__12859_2018_2036_Fig5_HTML.jpg,,221,776,test,test,1,static/imgs/validation/,Yijie
4670,FGFR4,RAP1A,37246,37254,799,,"665.2410888672,55.1633987427,23.1931762695,51.2266387939",inhibit_relation,799,,,PMC5850946__12859_2018_2036_Fig5_HTML.jpg,,221,776,test,test,1,static/imgs/validation/,Yijie
4671,TSC2,PTEN,37253,37258,799,,"360.8950195312,131.0588989258,27.6572265625,52.9468994141",inhibit_relation,799,,,PMC5850946__12859_2018_2036_Fig5_HTML.jpg,,221,776,test,test,1,static/imgs/validation/,Yijie
4674,CDH1,YWHA2,37250,37240,799,,"9.2250766754,29.1955928802,26.3925991058,51.8096313477",inhibit_relation,799,,,PMC5850946__12859_2018_2036_Fig5_HTML.jpg,,221,776,test,test,1,static/imgs/validation/,Yijie
4675,HRAS,CALM1,37251,37241,799,,"86.0875930786,28.3813457489,25.8235244751,53.1391677856",inhibit_relation,799,,,PMC5850946__12859_2018_2036_Fig5_HTML.jpg,,221,776,test,test,1,static/imgs/validation/,Yijie
4676,COL4A5,FGFR3,37249,37242,799,,"165.6224517822,30.1925392151,17.3167419434,49.9016838074",activate_relation,799,,,PMC5850946__12859_2018_2036_Fig5_HTML.jpg,,221,776,test,test,1,static/imgs/validation/,Yijie
4677,TSC2,LAMA2,37253,37244,799,,"383.0727844238,54.7061195374,23.0355224609,52.7133140564",activate_relation,799,,,PMC5850946__12859_2018_2036_Fig5_HTML.jpg,,221,776,test,test,1,static/imgs/validation/,Yijie
6250,PRKCI,PPP2R3A,37247,37255,799,,"730,37,42.00000000000001,88",activate_relation,799,,,PMC5850946__12859_2018_2036_Fig5_HTML.jpg,,221,776,test,test,1,static/imgs/validation/,Yijie
6252,SGK1,ITGB5,37252,37243,799,,"233,38,72.99999999999999,68",inhibit_relation,799,,,PMC5850946__12859_2018_2036_Fig5_HTML.jpg,,221,776,test,test,1,static/imgs/validation/,Yijie
6253,KDR,CCND1,37259,37257,799,,"130,161,81.99999999999999,48.000000000000014",inhibit_relation,799,,,PMC5850946__12859_2018_2036_Fig5_HTML.jpg,,221,776,test,test,1,static/imgs/validation/,Yijie
6574,SYX,RhoA,39695,47418,837,,"306,0,134.00000000000003,236",activate_relation,837,,,PMC5241026__nihms839270f8.jpg,,1050,755,test,test,1,static/imgs/validation/,Stuart
6575,RhoA,F-actin,47418,47419,837,,"3,176.99999999999997,437.0000000000001,59.000000000000014",activate_relation,837,,,PMC5241026__nihms839270f8.jpg,,1050,755,test,test,1,static/imgs/validation/,Stuart
6577,RHPN,RARy,47420,47422,837,,"308.00000000000006,556,444.9999999999999,58",inhibit_relation,837,,,PMC5241026__nihms839270f8.jpg,,1050,755,test,test,1,static/imgs/validation/,Stuart
6578,F-actin,RAB3D,47419,39698,837,,3180144247,inhibit_relation,837,,,PMC5241026__nihms839270f8.jpg,,1050,755,test,test,1,static/imgs/validation/,Stuart
5030,CTF,GPCR,39816,39818,842,,"57.4578170776,52.091217041,23.5627288818,49.2489318848",activate_relation,842,,,PMC4252843__nihms611316f5.jpg,,368,624,test,test,1,static/imgs/validation/,Yijie
5031,HB-EGF,EGFR,39817,39820,842,,"495.9961547852,66.7024765015,46.6535644531,41.8156890869",activate_relation,842,,,PMC4252843__nihms611316f5.jpg,,368,624,test,test,1,static/imgs/validation/,Yijie
6583,ADAM,HB-EGF,47440,39817,842,,"252,59,237,94.99999999999997",activate_relation,842,,,PMC4252843__nihms611316f5.jpg,,368,624,test,test,1,static/imgs/validation/,Yijie
6084,PTCH,SMO,40697,40698,856,,"463,14,174.99999999999994,11.000000000000002",activate_relation,856,,,PMC5949124__IBJ-22-217-g001.jpg,,433,690,test,test,1,static/imgs/validation/,Yibo
6569,SMO,GLI,40698,47401,856,,"506,15,131.99999999999991,181",activate_relation,856,,,PMC5949124__IBJ-22-217-g001.jpg,,433,690,test,test,1,static/imgs/validation/,Yibo
5183,NFkB,MMP-9,41184,41185,868,,"381.3243103027,443.6965637207,40.5856933594,54.2304992676",activate_relation,868,,,PMC3920964__cddis2013410f5.jpg,,989,787,test,test,1,static/imgs/validation/,Stuart
5185,CYPA,NFkB,41182,41184,868,,"307.2192993164,370.0458679199,55.4297790527,43.8041381836",activate_relation,868,,,PMC3920964__cddis2013410f5.jpg,,989,787,test,test,1,static/imgs/validation/,Stuart
5186,APOE4,LRP1,41180,41181,868,,"409.6695556641,141.3744659424,87.5268249512,122.964553833",inhibit_relation,868,,,PMC3920964__cddis2013410f5.jpg,,989,787,test,test,1,static/imgs/validation/,Stuart
5187,APOE2,LRP1,41179,41181,868,,"224.0694580078,137.421875,147.7418518066,130.2588806152",activate_relation,868,,,PMC3920964__cddis2013410f5.jpg,,989,787,test,test,1,static/imgs/validation/,Stuart
5191,APOE3,LRP1,41178,41181,868,,"375.9088134766,118.0366210938,25.8988647461,124.3306274414",activate_relation,868,,,PMC3920964__cddis2013410f5.jpg,,989,787,test,test,1,static/imgs/validation/,Stuart
6365,LRP1,CYPA,41181,41182,868,,"258,271,103.99999999999997,105.99999999999997",inhibit_relation,868,,,PMC3920964__cddis2013410f5.jpg,,989,787,test,test,1,static/imgs/validation/,Stuart
5321,BECN1,LC3B,42681,42685,893,,"239.2739715576,659.8294677734,93.7061920166,186.1959228516",activate_relation,893,,,PMC5404978__nihms860625f10.jpg,,919,800,test,test,1,static/imgs/validation/,Stuart
6375,EtOH,FoxO1,47262,47263,893,,"297,8,108,214",activate_relation,893,,,PMC5404978__nihms860625f10.jpg,,919,800,test,test,1,static/imgs/validation/,Stuart
6376,FoxO1,AMPK,47263,47264,893,,297158108228,activate_relation,893,,,PMC5404978__nihms860625f10.jpg,,919,800,test,test,1,static/imgs/validation/,Stuart
6377,AMPK,MTORC1,47264,42672,893,,305337415106,inhibit_relation,893,,,PMC5404978__nihms860625f10.jpg,,919,800,test,test,1,static/imgs/validation/,Stuart
6378,AMPK,ULK 1,47264,47265,893,,305337239189,activate_relation,893,,,PMC5404978__nihms860625f10.jpg,,919,800,test,test,1,static/imgs/validation/,Stuart
6379,AMPK,PIK3C3,47264,42678,893,,148337253225,activate_relation,893,,,PMC5404978__nihms860625f10.jpg,,919,800,test,test,1,static/imgs/validation/,Stuart
6380,ULK 1,BECN1,47265,42681,893,,214488330125,activate_relation,893,,,PMC5404978__nihms860625f10.jpg,,919,800,test,test,1,static/imgs/validation/,Stuart
6381,BECN1,ATG7,42681,42686,893,,214596279296,activate_relation,893,,,PMC5404978__nihms860625f10.jpg,,919,800,test,test,1,static/imgs/validation/,Stuart
6556,MTORC1,ULK 1,42672,47265,893,,461426259100,activate_relation,893,,,PMC5404978__nihms860625f10.jpg,,919,800,test,test,1,static/imgs/validation/,Stuart
6579,AMBRA1,SQSTM1,47423,42684,893,,83600111297,activate_relation,893,,,PMC5404978__nihms860625f10.jpg,,919,800,test,test,1,static/imgs/validation/,Stuart
5417,PKM2,EMT,43633,43636,912,,"495.1279907227,413.8106689453,25.7891235352,75.579498291",activate_relation,912,,,PMC6643126__ijmsv16p0960g005.jpg,,596,728,test,test,1,static/imgs/validation/,Ziting
5453,SMO,MYC,43839,43843,918,,"219.8545379639,150.5636138916,60.8167877197,141.9528656006",activate_relation,918,,,PMC2659383__bpa0019-0132-f3.jpg,,458,400,test,test,1,static/imgs/validation/,Joshua
6325,GLI,GLI,43840,43842,918,,"58,219,130,96",activate_relation,918,,,PMC2659383__bpa0019-0132-f3.jpg,,458,400,test,test,1,static/imgs/validation/,Joshua
6326,SMO,SUFU,43839,43841,918,,133114120110,activate_relation,918,,,PMC2659383__bpa0019-0132-f3.jpg,,458,400,test,test,1,static/imgs/validation/,Joshua
5510,TLR4,IL-6,44179,44183,926,,"449.1340026855,98.0485534668,266.1218566895,254.6470947266",activate_relation,926,,,PMC4536527__srep13092-f8.jpg,,594,787,test,test,1,static/imgs/validation/,Yijie
6549,HIF1,VEGF,47383,44188,926,,"490,362,86.99999999999994,122",activate_relation,926,,,PMC4536527__srep13092-f8.jpg,,594,787,test,test,1,static/imgs/validation/,Yijie
6584,HIF1,IL-6,47383,44183,926,,"490,330.00000000000006,269.99999999999994,57.999999999999936",activate_relation,926,,,PMC4536527__srep13092-f8.jpg,,594,787,test,test,1,static/imgs/validation/,Yijie
5559,DLC-1,KRI-1,44616,44617,932,,"188.0416717529,95.8838806152,94.4153289795,88.3630371094",inhibit_relation,932,,,PMC3789177__cddis2013319f6.jpg,,1074,668,test,test,1,static/imgs/validation/,Joshua
5560,CED-4,CED-3,44624,44625,932,,"169.2175598145,822.9505004883,42.1116943359,68.5045776367",activate_relation,932,,,PMC3789177__cddis2013319f6.jpg,,1074,668,test,test,1,static/imgs/validation/,Joshua
6335,DLC-1,LIN-35,44616,44620,932,,"34,42,157.00000000000003,494.0000000000001",inhibit_relation,932,,,PMC3789177__cddis2013319f6.jpg,,1074,668,test,test,1,static/imgs/validation/,Joshua
6336,CED-9,CED-4,44622,44624,932,,140628115166,inhibit_relation,932,,,PMC3789177__cddis2013319f6.jpg,,1074,668,test,test,1,static/imgs/validation/,Joshua
6337,LIN-35,CED-9,44620,44622,932,,34508221152,inhibit_relation,932,,,PMC3789177__cddis2013319f6.jpg,,1074,668,test,test,1,static/imgs/validation/,Joshua
5829,STAT3,STAT3,46487,46493,975,,"213.46925354,228.6902313232,71.7088775635,133.8462677002",activate_relation,975,,,PMC6307990__gr7.jpg,,492,768,test,test,1,static/imgs/validation/,Stuart
5830,IL6R,STAT3,46485,46487,975,,"318.4681396484,115.6416625977,92.4852905273,84.1526794434",activate_relation,975,,,PMC6307990__gr7.jpg,,492,768,test,test,1,static/imgs/validation/,Stuart
5831,IDO1,IL6,46495,46496,975,,"361.9888000488,374.8471679688,43.256072998,19.2579956055",activate_relation,975,,,PMC6307990__gr7.jpg,,492,768,test,test,1,static/imgs/validation/,Stuart
5832,PD-L1,EMT,46494,46492,975,,"76.7510910034,301.3351135254,23.9371948242,52.4158325195",activate_relation,975,,,PMC6307990__gr7.jpg,,492,768,test,test,1,static/imgs/validation/,Stuart
5835,STAT3,PD-L1,46493,46494,975,,"130.8985595703,365.8681030273,81.1299285889,28.2912597656",activate_relation,975,,,PMC6307990__gr7.jpg,,492,768,test,test,1,static/imgs/validation/,Stuart
6382,IDO1,IDO1,46495,46488,975,,"339,233,134.00000000000006,153.00000000000006",activate_relation,975,,,PMC6307990__gr7.jpg,,492,768,test,test,1,static/imgs/validation/,Stuart
6385,IL6,IL6,46496,46484,975,,"418,22,234.00000000000009,370",activate_relation,975,,,PMC6307990__gr7.jpg,,492,768,test,test,1,static/imgs/validation/,Stuart
5846,PAKT,NF-KB,46537,46547,977,,"474.2791748047,193.9529571533,62.5854492188,47.1204528809",activate_relation,977,,,PMC3946494__nihms540696f6.jpg,,609,714,test,test,1,static/imgs/validation/,Stuart
6387,AKT,PAKT,46538,46537,977,,"338,179,253.99999999999994,20.000000000000007",activate_relation,977,,,PMC3946494__nihms540696f6.jpg,,609,714,test,test,1,static/imgs/validation/,Stuart
6389,IKB,pIKB,47271,47272,977,,"311,235,109.00000000000004,145.00000000000003",activate_relation,977,,,PMC3946494__nihms540696f6.jpg,,609,714,test,test,1,static/imgs/validation/,Stuart
6390,IKB,NF-KB,47271,46543,977,,"362,235,78.00000000000003,178.00000000000003",activate_relation,977,,,PMC3946494__nihms540696f6.jpg,,609,714,test,test,1,static/imgs/validation/,Stuart
6391,NF-KB,NF-KB,46543,46547,977,,"392,399,62.00000000000002,147",activate_relation,977,,,PMC3946494__nihms540696f6.jpg,,609,714,test,test,1,static/imgs/validation/,Stuart
5909,AKT,MTOR,47132,47133,987,,"272.5244445801,297.1828613281,23.8885192871,53.6316833496",activate_relation,987,,,PMC6451008__41419_2019_1542_Fig1_HTML.jpg,,728,633,test,test,1,static/imgs/validation/,Yijie
5912,NEMO,NFKB,47140,47138,988,,"587.0362548828,487.8843383789,39.0125732422,100.634765625",activate_relation,988,,,PMC4045494__nihms-476675-f0008.jpg,,811,800,test,test,1,static/imgs/validation/,Ziting
5913,ATM,NEMO,47139,47140,988,,"376.898651123,613.9931030273,154.9110412598,39.8983154297",activate_relation,988,,,PMC4045494__nihms-476675-f0008.jpg,,811,800,test,test,1,static/imgs/validation/,Ziting
6448,ROS,ATM,47137,47139,988,,247320120325,activate_relation,988,,,PMC4045494__nihms-476675-f0008.jpg,,811,800,test,test,1,static/imgs/validation/,Ziting
